country_code,country_name,year,value,indicator
ZH,Africa Eastern and Southern,2024,,ST.INT.ARVL
ZH,Africa Eastern and Southern,2023,,ST.INT.ARVL
ZH,Africa Eastern and Southern,2022,,ST.INT.ARVL
ZH,Africa Eastern and Southern,2021,,ST.INT.ARVL
ZH,Africa Eastern and Southern,2020,,ST.INT.ARVL
ZH,Africa Eastern and Southern,2019,39826701.4025488,ST.INT.ARVL
ZH,Africa Eastern and Southern,2018,41189145.2687099,ST.INT.ARVL
ZI,Africa Western and Central,2024,,ST.INT.ARVL
ZI,Africa Western and Central,2023,,ST.INT.ARVL
ZI,Africa Western and Central,2022,,ST.INT.ARVL
ZI,Africa Western and Central,2021,,ST.INT.ARVL
ZI,Africa Western and Central,2020,,ST.INT.ARVL
ZI,Africa Western and Central,2019,,ST.INT.ARVL
ZI,Africa Western and Central,2018,,ST.INT.ARVL
1A,Arab World,2024,,ST.INT.ARVL
1A,Arab World,2023,,ST.INT.ARVL
1A,Arab World,2022,,ST.INT.ARVL
1A,Arab World,2021,,ST.INT.ARVL
1A,Arab World,2020,,ST.INT.ARVL
1A,Arab World,2019,142447574.174804,ST.INT.ARVL
1A,Arab World,2018,131892640.892491,ST.INT.ARVL
S3,Caribbean small states,2024,,ST.INT.ARVL
S3,Caribbean small states,2023,,ST.INT.ARVL
S3,Caribbean small states,2022,,ST.INT.ARVL
S3,Caribbean small states,2021,,ST.INT.ARVL
S3,Caribbean small states,2020,,ST.INT.ARVL
S3,Caribbean small states,2019,19819087.2645395,ST.INT.ARVL
S3,Caribbean small states,2018,19669834.9167994,ST.INT.ARVL
B8,Central Europe and the Baltics,2024,,ST.INT.ARVL
B8,Central Europe and the Baltics,2023,,ST.INT.ARVL
B8,Central Europe and the Baltics,2022,,ST.INT.ARVL
B8,Central Europe and the Baltics,2021,,ST.INT.ARVL
B8,Central Europe and the Baltics,2020,,ST.INT.ARVL
B8,Central Europe and the Baltics,2019,314638365.070248,ST.INT.ARVL
B8,Central Europe and the Baltics,2018,301502122.473578,ST.INT.ARVL
V2,Early-demographic dividend,2024,,ST.INT.ARVL
V2,Early-demographic dividend,2023,,ST.INT.ARVL
V2,Early-demographic dividend,2022,,ST.INT.ARVL
V2,Early-demographic dividend,2021,,ST.INT.ARVL
V2,Early-demographic dividend,2020,,ST.INT.ARVL
V2,Early-demographic dividend,2019,369336988.869679,ST.INT.ARVL
V2,Early-demographic dividend,2018,350576700.187856,ST.INT.ARVL
Z4,East Asia & Pacific,2024,,ST.INT.ARVL
Z4,East Asia & Pacific,2023,,ST.INT.ARVL
Z4,East Asia & Pacific,2022,,ST.INT.ARVL
Z4,East Asia & Pacific,2021,,ST.INT.ARVL
Z4,East Asia & Pacific,2020,,ST.INT.ARVL
Z4,East Asia & Pacific,2019,490804002.09165,ST.INT.ARVL
Z4,East Asia & Pacific,2018,480202482.119432,ST.INT.ARVL
4E,East Asia & Pacific (excluding high income),2024,,ST.INT.ARVL
4E,East Asia & Pacific (excluding high income),2023,,ST.INT.ARVL
4E,East Asia & Pacific (excluding high income),2022,,ST.INT.ARVL
4E,East Asia & Pacific (excluding high income),2021,,ST.INT.ARVL
4E,East Asia & Pacific (excluding high income),2020,,ST.INT.ARVL
4E,East Asia & Pacific (excluding high income),2019,292842169.375777,ST.INT.ARVL
4E,East Asia & Pacific (excluding high income),2018,281129640.985927,ST.INT.ARVL
T4,East Asia & Pacific (IDA & IBRD countries),2024,,ST.INT.ARVL
T4,East Asia & Pacific (IDA & IBRD countries),2023,,ST.INT.ARVL
T4,East Asia & Pacific (IDA & IBRD countries),2022,,ST.INT.ARVL
T4,East Asia & Pacific (IDA & IBRD countries),2021,,ST.INT.ARVL
T4,East Asia & Pacific (IDA & IBRD countries),2020,,ST.INT.ARVL
T4,East Asia & Pacific (IDA & IBRD countries),2019,289300101.805405,ST.INT.ARVL
T4,East Asia & Pacific (IDA & IBRD countries),2018,277743234.61904,ST.INT.ARVL
XC,Euro area,2024,,ST.INT.ARVL
XC,Euro area,2023,,ST.INT.ARVL
XC,Euro area,2022,,ST.INT.ARVL
XC,Euro area,2021,,ST.INT.ARVL
XC,Euro area,2020,,ST.INT.ARVL
XC,Euro area,2019,655573447.522239,ST.INT.ARVL
XC,Euro area,2018,638607601.5625,ST.INT.ARVL
Z7,Europe & Central Asia,2024,,ST.INT.ARVL
Z7,Europe & Central Asia,2023,,ST.INT.ARVL
Z7,Europe & Central Asia,2022,,ST.INT.ARVL
Z7,Europe & Central Asia,2021,,ST.INT.ARVL
Z7,Europe & Central Asia,2020,,ST.INT.ARVL
Z7,Europe & Central Asia,2019,1199188498.74821,ST.INT.ARVL
Z7,Europe & Central Asia,2018,1157868194.79519,ST.INT.ARVL
7E,Europe & Central Asia (excluding high income),2024,,ST.INT.ARVL
7E,Europe & Central Asia (excluding high income),2023,,ST.INT.ARVL
7E,Europe & Central Asia (excluding high income),2022,,ST.INT.ARVL
7E,Europe & Central Asia (excluding high income),2021,,ST.INT.ARVL
7E,Europe & Central Asia (excluding high income),2020,,ST.INT.ARVL
7E,Europe & Central Asia (excluding high income),2019,180880471.54687,ST.INT.ARVL
7E,Europe & Central Asia (excluding high income),2018,169084765.500036,ST.INT.ARVL
T7,Europe & Central Asia (IDA & IBRD countries),2024,,ST.INT.ARVL
T7,Europe & Central Asia (IDA & IBRD countries),2023,,ST.INT.ARVL
T7,Europe & Central Asia (IDA & IBRD countries),2022,,ST.INT.ARVL
T7,Europe & Central Asia (IDA & IBRD countries),2021,,ST.INT.ARVL
T7,Europe & Central Asia (IDA & IBRD countries),2020,,ST.INT.ARVL
T7,Europe & Central Asia (IDA & IBRD countries),2019,331546366.211299,ST.INT.ARVL
T7,Europe & Central Asia (IDA & IBRD countries),2018,314784745.548675,ST.INT.ARVL
EU,European Union,2024,,ST.INT.ARVL
EU,European Union,2023,,ST.INT.ARVL
EU,European Union,2022,,ST.INT.ARVL
EU,European Union,2021,,ST.INT.ARVL
EU,European Union,2020,,ST.INT.ARVL
EU,European Union,2019,968873375.260994,ST.INT.ARVL
EU,European Union,2018,938485601.5625,ST.INT.ARVL
F1,Fragile and conflict affected situations,2024,,ST.INT.ARVL
F1,Fragile and conflict affected situations,2023,,ST.INT.ARVL
F1,Fragile and conflict affected situations,2022,,ST.INT.ARVL
F1,Fragile and conflict affected situations,2021,,ST.INT.ARVL
F1,Fragile and conflict affected situations,2020,,ST.INT.ARVL
F1,Fragile and conflict affected situations,2019,,ST.INT.ARVL
F1,Fragile and conflict affected situations,2018,,ST.INT.ARVL
XE,Heavily indebted poor countries (HIPC),2024,,ST.INT.ARVL
XE,Heavily indebted poor countries (HIPC),2023,,ST.INT.ARVL
XE,Heavily indebted poor countries (HIPC),2022,,ST.INT.ARVL
XE,Heavily indebted poor countries (HIPC),2021,,ST.INT.ARVL
XE,Heavily indebted poor countries (HIPC),2020,,ST.INT.ARVL
XE,Heavily indebted poor countries (HIPC),2019,29134874.0028677,ST.INT.ARVL
XE,Heavily indebted poor countries (HIPC),2018,29458450.954646,ST.INT.ARVL
XD,High income,2024,,ST.INT.ARVL
XD,High income,2023,,ST.INT.ARVL
XD,High income,2022,,ST.INT.ARVL
XD,High income,2021,,ST.INT.ARVL
XD,High income,2020,,ST.INT.ARVL
XD,High income,2019,1522430052.79407,ST.INT.ARVL
XD,High income,2018,1491870217.10045,ST.INT.ARVL
XF,IBRD only,2024,,ST.INT.ARVL
XF,IBRD only,2023,,ST.INT.ARVL
XF,IBRD only,2022,,ST.INT.ARVL
XF,IBRD only,2021,,ST.INT.ARVL
XF,IBRD only,2020,,ST.INT.ARVL
XF,IBRD only,2019,852166955.667661,ST.INT.ARVL
XF,IBRD only,2018,823988846.49919,ST.INT.ARVL
ZT,IDA & IBRD total,2024,,ST.INT.ARVL
ZT,IDA & IBRD total,2023,,ST.INT.ARVL
ZT,IDA & IBRD total,2022,,ST.INT.ARVL
ZT,IDA & IBRD total,2021,,ST.INT.ARVL
ZT,IDA & IBRD total,2020,,ST.INT.ARVL
ZT,IDA & IBRD total,2019,974462802.208958,ST.INT.ARVL
ZT,IDA & IBRD total,2018,939010262.98174,ST.INT.ARVL
XH,IDA blend,2024,,ST.INT.ARVL
XH,IDA blend,2023,,ST.INT.ARVL
XH,IDA blend,2022,,ST.INT.ARVL
XH,IDA blend,2021,,ST.INT.ARVL
XH,IDA blend,2020,,ST.INT.ARVL
XH,IDA blend,2019,,ST.INT.ARVL
XH,IDA blend,2018,,ST.INT.ARVL
XI,IDA only,2024,,ST.INT.ARVL
XI,IDA only,2023,,ST.INT.ARVL
XI,IDA only,2022,,ST.INT.ARVL
XI,IDA only,2021,,ST.INT.ARVL
XI,IDA only,2020,,ST.INT.ARVL
XI,IDA only,2019,63144062.5081978,ST.INT.ARVL
XI,IDA only,2018,58328493.7275152,ST.INT.ARVL
XG,IDA total,2024,,ST.INT.ARVL
XG,IDA total,2023,,ST.INT.ARVL
XG,IDA total,2022,,ST.INT.ARVL
XG,IDA total,2021,,ST.INT.ARVL
XG,IDA total,2020,,ST.INT.ARVL
XG,IDA total,2019,100914423.764227,ST.INT.ARVL
XG,IDA total,2018,93089667.6452262,ST.INT.ARVL
V3,Late-demographic dividend,2024,,ST.INT.ARVL
V3,Late-demographic dividend,2023,,ST.INT.ARVL
V3,Late-demographic dividend,2022,,ST.INT.ARVL
V3,Late-demographic dividend,2021,,ST.INT.ARVL
V3,Late-demographic dividend,2020,,ST.INT.ARVL
V3,Late-demographic dividend,2019,549832276.924528,ST.INT.ARVL
V3,Late-demographic dividend,2018,532235103.181661,ST.INT.ARVL
ZJ,Latin America & Caribbean,2024,,ST.INT.ARVL
ZJ,Latin America & Caribbean,2023,,ST.INT.ARVL
ZJ,Latin America & Caribbean,2022,,ST.INT.ARVL
ZJ,Latin America & Caribbean,2021,,ST.INT.ARVL
ZJ,Latin America & Caribbean,2020,,ST.INT.ARVL
ZJ,Latin America & Caribbean,2019,201856013.686497,ST.INT.ARVL
ZJ,Latin America & Caribbean,2018,201522429.427424,ST.INT.ARVL
XJ,Latin America & Caribbean (excluding high income),2024,,ST.INT.ARVL
XJ,Latin America & Caribbean (excluding high income),2023,,ST.INT.ARVL
XJ,Latin America & Caribbean (excluding high income),2022,,ST.INT.ARVL
XJ,Latin America & Caribbean (excluding high income),2021,,ST.INT.ARVL
XJ,Latin America & Caribbean (excluding high income),2020,,ST.INT.ARVL
XJ,Latin America & Caribbean (excluding high income),2019,165233236.99443,ST.INT.ARVL
XJ,Latin America & Caribbean (excluding high income),2018,164604173.905129,ST.INT.ARVL
T2,Latin America & the Caribbean (IDA & IBRD countries),2024,,ST.INT.ARVL
T2,Latin America & the Caribbean (IDA & IBRD countries),2023,,ST.INT.ARVL
T2,Latin America & the Caribbean (IDA & IBRD countries),2022,,ST.INT.ARVL
T2,Latin America & the Caribbean (IDA & IBRD countries),2021,,ST.INT.ARVL
T2,Latin America & the Caribbean (IDA & IBRD countries),2020,,ST.INT.ARVL
T2,Latin America & the Caribbean (IDA & IBRD countries),2019,172908916.919959,ST.INT.ARVL
T2,Latin America & the Caribbean (IDA & IBRD countries),2018,173715171.225937,ST.INT.ARVL
XL,Least developed countries: UN classification,2024,,ST.INT.ARVL
XL,Least developed countries: UN classification,2023,,ST.INT.ARVL
XL,Least developed countries: UN classification,2022,,ST.INT.ARVL
XL,Least developed countries: UN classification,2021,,ST.INT.ARVL
XL,Least developed countries: UN classification,2020,,ST.INT.ARVL
XL,Least developed countries: UN classification,2019,40176417.3590637,ST.INT.ARVL
XL,Least developed countries: UN classification,2018,38555567.9067446,ST.INT.ARVL
XO,Low & middle income,2024,,ST.INT.ARVL
XO,Low & middle income,2023,,ST.INT.ARVL
XO,Low & middle income,2022,,ST.INT.ARVL
XO,Low & middle income,2021,,ST.INT.ARVL
XO,Low & middle income,2020,,ST.INT.ARVL
XO,Low & middle income,2019,814041186.104538,ST.INT.ARVL
XO,Low & middle income,2018,782000891.14212,ST.INT.ARVL
XM,Low income,2024,,ST.INT.ARVL
XM,Low income,2023,,ST.INT.ARVL
XM,Low income,2022,,ST.INT.ARVL
XM,Low income,2021,,ST.INT.ARVL
XM,Low income,2020,,ST.INT.ARVL
XM,Low income,2019,17409971.529363,ST.INT.ARVL
XM,Low income,2018,17021655.3602576,ST.INT.ARVL
XN,Lower middle income,2024,,ST.INT.ARVL
XN,Lower middle income,2023,,ST.INT.ARVL
XN,Lower middle income,2022,,ST.INT.ARVL
XN,Lower middle income,2021,,ST.INT.ARVL
XN,Lower middle income,2020,,ST.INT.ARVL
XN,Lower middle income,2019,207722217.280817,ST.INT.ARVL
XN,Lower middle income,2018,192813989.629173,ST.INT.ARVL
ZQ,"Middle East, North Africa, Afghanistan & Pakistan",2024,,ST.INT.ARVL
ZQ,"Middle East, North Africa, Afghanistan & Pakistan",2023,,ST.INT.ARVL
ZQ,"Middle East, North Africa, Afghanistan & Pakistan",2022,,ST.INT.ARVL
ZQ,"Middle East, North Africa, Afghanistan & Pakistan",2021,,ST.INT.ARVL
ZQ,"Middle East, North Africa, Afghanistan & Pakistan",2020,,ST.INT.ARVL
ZQ,"Middle East, North Africa, Afghanistan & Pakistan",2019,152571279.95283,ST.INT.ARVL
ZQ,"Middle East, North Africa, Afghanistan & Pakistan",2018,139804138.011964,ST.INT.ARVL
XQ,"Middle East, North Africa, Afghanistan & Pakistan (excluding high income)",2024,,ST.INT.ARVL
XQ,"Middle East, North Africa, Afghanistan & Pakistan (excluding high income)",2023,,ST.INT.ARVL
XQ,"Middle East, North Africa, Afghanistan & Pakistan (excluding high income)",2022,,ST.INT.ARVL
XQ,"Middle East, North Africa, Afghanistan & Pakistan (excluding high income)",2021,,ST.INT.ARVL
XQ,"Middle East, North Africa, Afghanistan & Pakistan (excluding high income)",2020,,ST.INT.ARVL
XQ,"Middle East, North Africa, Afghanistan & Pakistan (excluding high income)",2019,65756226.1253439,ST.INT.ARVL
XQ,"Middle East, North Africa, Afghanistan & Pakistan (excluding high income)",2018,58807590.7872825,ST.INT.ARVL
T3,"Middle East, North Africa, Afghanistan & Pakistan (IDA & IBRD)",2024,,ST.INT.ARVL
T3,"Middle East, North Africa, Afghanistan & Pakistan (IDA & IBRD)",2023,,ST.INT.ARVL
T3,"Middle East, North Africa, Afghanistan & Pakistan (IDA & IBRD)",2022,,ST.INT.ARVL
T3,"Middle East, North Africa, Afghanistan & Pakistan (IDA & IBRD)",2021,,ST.INT.ARVL
T3,"Middle East, North Africa, Afghanistan & Pakistan (IDA & IBRD)",2020,,ST.INT.ARVL
T3,"Middle East, North Africa, Afghanistan & Pakistan (IDA & IBRD)",2019,65078454.6035971,ST.INT.ARVL
T3,"Middle East, North Africa, Afghanistan & Pakistan (IDA & IBRD)",2018,58212100.3830495,ST.INT.ARVL
XP,Middle income,2024,,ST.INT.ARVL
XP,Middle income,2023,,ST.INT.ARVL
XP,Middle income,2022,,ST.INT.ARVL
XP,Middle income,2021,,ST.INT.ARVL
XP,Middle income,2020,,ST.INT.ARVL
XP,Middle income,2019,790163362.933784,ST.INT.ARVL
XP,Middle income,2018,758857901.867136,ST.INT.ARVL
XU,North America,2024,,ST.INT.ARVL
XU,North America,2023,,ST.INT.ARVL
XU,North America,2022,,ST.INT.ARVL
XU,North America,2021,,ST.INT.ARVL
XU,North America,2020,,ST.INT.ARVL
XU,North America,2019,198713000.0,ST.INT.ARVL
XU,North America,2018,201364921.875,ST.INT.ARVL
XY,Not classified,2024,,ST.INT.ARVL
XY,Not classified,2023,,ST.INT.ARVL
XY,Not classified,2022,,ST.INT.ARVL
XY,Not classified,2021,,ST.INT.ARVL
XY,Not classified,2020,,ST.INT.ARVL
XY,Not classified,2019,,ST.INT.ARVL
XY,Not classified,2018,,ST.INT.ARVL
OE,OECD members,2024,,ST.INT.ARVL
OE,OECD members,2023,,ST.INT.ARVL
OE,OECD members,2022,,ST.INT.ARVL
OE,OECD members,2021,,ST.INT.ARVL
OE,OECD members,2020,,ST.INT.ARVL
OE,OECD members,2019,1364524985.83971,ST.INT.ARVL
OE,OECD members,2018,1331200523.4375,ST.INT.ARVL
S4,Other small states,2024,,ST.INT.ARVL
S4,Other small states,2023,,ST.INT.ARVL
S4,Other small states,2022,,ST.INT.ARVL
S4,Other small states,2021,,ST.INT.ARVL
S4,Other small states,2020,,ST.INT.ARVL
S4,Other small states,2019,51930012.4665974,ST.INT.ARVL
S4,Other small states,2018,51524462.8351512,ST.INT.ARVL
S2,Pacific island small states,2024,,ST.INT.ARVL
S2,Pacific island small states,2023,,ST.INT.ARVL
S2,Pacific island small states,2022,,ST.INT.ARVL
S2,Pacific island small states,2021,,ST.INT.ARVL
S2,Pacific island small states,2020,,ST.INT.ARVL
S2,Pacific island small states,2019,1752269.77187474,ST.INT.ARVL
S2,Pacific island small states,2018,1928869.84006484,ST.INT.ARVL
V4,Post-demographic dividend,2024,,ST.INT.ARVL
V4,Post-demographic dividend,2023,,ST.INT.ARVL
V4,Post-demographic dividend,2022,,ST.INT.ARVL
V4,Post-demographic dividend,2021,,ST.INT.ARVL
V4,Post-demographic dividend,2020,,ST.INT.ARVL
V4,Post-demographic dividend,2019,1275198369.71218,ST.INT.ARVL
V4,Post-demographic dividend,2018,1257774889.54502,ST.INT.ARVL
V1,Pre-demographic dividend,2024,,ST.INT.ARVL
V1,Pre-demographic dividend,2023,,ST.INT.ARVL
V1,Pre-demographic dividend,2022,,ST.INT.ARVL
V1,Pre-demographic dividend,2021,,ST.INT.ARVL
V1,Pre-demographic dividend,2020,,ST.INT.ARVL
V1,Pre-demographic dividend,2019,,ST.INT.ARVL
V1,Pre-demographic dividend,2018,,ST.INT.ARVL
S1,Small states,2024,,ST.INT.ARVL
S1,Small states,2023,,ST.INT.ARVL
S1,Small states,2022,,ST.INT.ARVL
S1,Small states,2021,,ST.INT.ARVL
S1,Small states,2020,,ST.INT.ARVL
S1,Small states,2019,79086475.9232005,ST.INT.ARVL
S1,Small states,2018,78864839.6236104,ST.INT.ARVL
8S,South Asia,2024,,ST.INT.ARVL
8S,South Asia,2023,,ST.INT.ARVL
8S,South Asia,2022,,ST.INT.ARVL
8S,South Asia,2021,,ST.INT.ARVL
8S,South Asia,2020,,ST.INT.ARVL
8S,South Asia,2019,27102764.1528023,ST.INT.ARVL
8S,South Asia,2018,26712613.6296487,ST.INT.ARVL
T5,South Asia (IDA & IBRD),2024,,ST.INT.ARVL
T5,South Asia (IDA & IBRD),2023,,ST.INT.ARVL
T5,South Asia (IDA & IBRD),2022,,ST.INT.ARVL
T5,South Asia (IDA & IBRD),2021,,ST.INT.ARVL
T5,South Asia (IDA & IBRD),2020,,ST.INT.ARVL
T5,South Asia (IDA & IBRD),2019,26260132.181425,ST.INT.ARVL
T5,South Asia (IDA & IBRD),2018,25882111.5392904,ST.INT.ARVL
ZG,Sub-Saharan Africa,2024,,ST.INT.ARVL
ZG,Sub-Saharan Africa,2023,,ST.INT.ARVL
ZG,Sub-Saharan Africa,2022,,ST.INT.ARVL
ZG,Sub-Saharan Africa,2021,,ST.INT.ARVL
ZG,Sub-Saharan Africa,2020,,ST.INT.ARVL
ZG,Sub-Saharan Africa,2019,56014499.1539477,ST.INT.ARVL
ZG,Sub-Saharan Africa,2018,56673405.0653589,ST.INT.ARVL
ZF,Sub-Saharan Africa (excluding high income),2024,,ST.INT.ARVL
ZF,Sub-Saharan Africa (excluding high income),2023,,ST.INT.ARVL
ZF,Sub-Saharan Africa (excluding high income),2022,,ST.INT.ARVL
ZF,Sub-Saharan Africa (excluding high income),2021,,ST.INT.ARVL
ZF,Sub-Saharan Africa (excluding high income),2020,,ST.INT.ARVL
ZF,Sub-Saharan Africa (excluding high income),2019,55555231.2954125,ST.INT.ARVL
ZF,Sub-Saharan Africa (excluding high income),2018,56247033.3736039,ST.INT.ARVL
T6,Sub-Saharan Africa (IDA & IBRD countries),2024,,ST.INT.ARVL
T6,Sub-Saharan Africa (IDA & IBRD countries),2023,,ST.INT.ARVL
T6,Sub-Saharan Africa (IDA & IBRD countries),2022,,ST.INT.ARVL
T6,Sub-Saharan Africa (IDA & IBRD countries),2021,,ST.INT.ARVL
T6,Sub-Saharan Africa (IDA & IBRD countries),2020,,ST.INT.ARVL
T6,Sub-Saharan Africa (IDA & IBRD countries),2019,56014499.1539477,ST.INT.ARVL
T6,Sub-Saharan Africa (IDA & IBRD countries),2018,56673405.0653589,ST.INT.ARVL
XT,Upper middle income,2024,,ST.INT.ARVL
XT,Upper middle income,2023,,ST.INT.ARVL
XT,Upper middle income,2022,,ST.INT.ARVL
XT,Upper middle income,2021,,ST.INT.ARVL
XT,Upper middle income,2020,,ST.INT.ARVL
XT,Upper middle income,2019,573310641.28494,ST.INT.ARVL
XT,Upper middle income,2018,556608632.209134,ST.INT.ARVL
1W,World,2024,,ST.INT.ARVL
1W,World,2023,,ST.INT.ARVL
1W,World,2022,,ST.INT.ARVL
1W,World,2021,,ST.INT.ARVL
1W,World,2020,,ST.INT.ARVL
1W,World,2019,2403074088.46029,ST.INT.ARVL
1W,World,2018,2339399881.49679,ST.INT.ARVL
AF,Afghanistan,2024,,ST.INT.ARVL
AF,Afghanistan,2023,,ST.INT.ARVL
AF,Afghanistan,2022,,ST.INT.ARVL
AF,Afghanistan,2021,,ST.INT.ARVL
AF,Afghanistan,2020,,ST.INT.ARVL
AF,Afghanistan,2019,,ST.INT.ARVL
AF,Afghanistan,2018,,ST.INT.ARVL
AL,Albania,2024,,ST.INT.ARVL
AL,Albania,2023,,ST.INT.ARVL
AL,Albania,2022,,ST.INT.ARVL
AL,Albania,2021,,ST.INT.ARVL
AL,Albania,2020,2658000.0,ST.INT.ARVL
AL,Albania,2019,6406000.0,ST.INT.ARVL
AL,Albania,2018,5927000.0,ST.INT.ARVL
DZ,Algeria,2024,,ST.INT.ARVL
DZ,Algeria,2023,,ST.INT.ARVL
DZ,Algeria,2022,,ST.INT.ARVL
DZ,Algeria,2021,,ST.INT.ARVL
DZ,Algeria,2020,591000.0,ST.INT.ARVL
DZ,Algeria,2019,2371000.0,ST.INT.ARVL
DZ,Algeria,2018,2657000.0,ST.INT.ARVL
AS,American Samoa,2024,,ST.INT.ARVL
AS,American Samoa,2023,,ST.INT.ARVL
AS,American Samoa,2022,,ST.INT.ARVL
AS,American Samoa,2021,,ST.INT.ARVL
AS,American Samoa,2020,899.999976158142,ST.INT.ARVL
AS,American Samoa,2019,19200.0007629395,ST.INT.ARVL
AS,American Samoa,2018,20200.0007629395,ST.INT.ARVL
AD,Andorra,2024,,ST.INT.ARVL
AD,Andorra,2023,,ST.INT.ARVL
AD,Andorra,2022,,ST.INT.ARVL
AD,Andorra,2021,,ST.INT.ARVL
AD,Andorra,2020,5207000.0,ST.INT.ARVL
AD,Andorra,2019,8235000.0,ST.INT.ARVL
AD,Andorra,2018,8328000.0,ST.INT.ARVL
AO,Angola,2024,,ST.INT.ARVL
AO,Angola,2023,,ST.INT.ARVL
AO,Angola,2022,,ST.INT.ARVL
AO,Angola,2021,,ST.INT.ARVL
AO,Angola,2020,,ST.INT.ARVL
AO,Angola,2019,218000.0,ST.INT.ARVL
AO,Angola,2018,218000.0,ST.INT.ARVL
AG,Antigua and Barbuda,2024,,ST.INT.ARVL
AG,Antigua and Barbuda,2023,,ST.INT.ARVL
AG,Antigua and Barbuda,2022,,ST.INT.ARVL
AG,Antigua and Barbuda,2021,,ST.INT.ARVL
AG,Antigua and Barbuda,2020,384500.0,ST.INT.ARVL
AG,Antigua and Barbuda,2019,1035000.0,ST.INT.ARVL
AG,Antigua and Barbuda,2018,1064000.0,ST.INT.ARVL
AR,Argentina,2024,,ST.INT.ARVL
AR,Argentina,2023,,ST.INT.ARVL
AR,Argentina,2022,,ST.INT.ARVL
AR,Argentina,2021,,ST.INT.ARVL
AR,Argentina,2020,,ST.INT.ARVL
AR,Argentina,2019,7399000.0,ST.INT.ARVL
AR,Argentina,2018,6942000.0,ST.INT.ARVL
AM,Armenia,2024,,ST.INT.ARVL
AM,Armenia,2023,,ST.INT.ARVL
AM,Armenia,2022,,ST.INT.ARVL
AM,Armenia,2021,,ST.INT.ARVL
AM,Armenia,2020,375000.0,ST.INT.ARVL
AM,Armenia,2019,1894000.0,ST.INT.ARVL
AM,Armenia,2018,1652000.0,ST.INT.ARVL
AW,Aruba,2024,,ST.INT.ARVL
AW,Aruba,2023,,ST.INT.ARVL
AW,Aruba,2022,,ST.INT.ARVL
AW,Aruba,2021,,ST.INT.ARVL
AW,Aruba,2020,,ST.INT.ARVL
AW,Aruba,2019,1951000.0,ST.INT.ARVL
AW,Aruba,2018,1897000.0,ST.INT.ARVL
AU,Australia,2024,,ST.INT.ARVL
AU,Australia,2023,,ST.INT.ARVL
AU,Australia,2022,,ST.INT.ARVL
AU,Australia,2021,,ST.INT.ARVL
AU,Australia,2020,1828000.0,ST.INT.ARVL
AU,Australia,2019,9466000.0,ST.INT.ARVL
AU,Australia,2018,9246000.0,ST.INT.ARVL
AT,Austria,2024,,ST.INT.ARVL
AT,Austria,2023,,ST.INT.ARVL
AT,Austria,2022,,ST.INT.ARVL
AT,Austria,2021,,ST.INT.ARVL
AT,Austria,2020,15091000.0,ST.INT.ARVL
AT,Austria,2019,31884000.0,ST.INT.ARVL
AT,Austria,2018,30816000.0,ST.INT.ARVL
AZ,Azerbaijan,2024,,ST.INT.ARVL
AZ,Azerbaijan,2023,,ST.INT.ARVL
AZ,Azerbaijan,2022,,ST.INT.ARVL
AZ,Azerbaijan,2021,,ST.INT.ARVL
AZ,Azerbaijan,2020,796000.0,ST.INT.ARVL
AZ,Azerbaijan,2019,3170000.0,ST.INT.ARVL
AZ,Azerbaijan,2018,2850000.0,ST.INT.ARVL
BS,"Bahamas, The",2024,,ST.INT.ARVL
BS,"Bahamas, The",2023,,ST.INT.ARVL
BS,"Bahamas, The",2022,,ST.INT.ARVL
BS,"Bahamas, The",2021,,ST.INT.ARVL
BS,"Bahamas, The",2020,1794500.0,ST.INT.ARVL
BS,"Bahamas, The",2019,7250000.0,ST.INT.ARVL
BS,"Bahamas, The",2018,6622000.0,ST.INT.ARVL
BH,Bahrain,2024,,ST.INT.ARVL
BH,Bahrain,2023,,ST.INT.ARVL
BH,Bahrain,2022,,ST.INT.ARVL
BH,Bahrain,2021,,ST.INT.ARVL
BH,Bahrain,2020,1909000.0,ST.INT.ARVL
BH,Bahrain,2019,11061000.0,ST.INT.ARVL
BH,Bahrain,2018,12045000.0,ST.INT.ARVL
BD,Bangladesh,2024,,ST.INT.ARVL
BD,Bangladesh,2023,,ST.INT.ARVL
BD,Bangladesh,2022,,ST.INT.ARVL
BD,Bangladesh,2021,,ST.INT.ARVL
BD,Bangladesh,2020,,ST.INT.ARVL
BD,Bangladesh,2019,323000.0,ST.INT.ARVL
BD,Bangladesh,2018,267000.0,ST.INT.ARVL
BB,Barbados,2024,,ST.INT.ARVL
BB,Barbados,2023,,ST.INT.ARVL
BB,Barbados,2022,,ST.INT.ARVL
BB,Barbados,2021,,ST.INT.ARVL
BB,Barbados,2020,,ST.INT.ARVL
BB,Barbados,2019,966000.0,ST.INT.ARVL
BB,Barbados,2018,1356000.0,ST.INT.ARVL
BY,Belarus,2024,,ST.INT.ARVL
BY,Belarus,2023,,ST.INT.ARVL
BY,Belarus,2022,,ST.INT.ARVL
BY,Belarus,2021,,ST.INT.ARVL
BY,Belarus,2020,3598000.0,ST.INT.ARVL
BY,Belarus,2019,11832000.0,ST.INT.ARVL
BY,Belarus,2018,11502000.0,ST.INT.ARVL
BE,Belgium,2024,,ST.INT.ARVL
BE,Belgium,2023,,ST.INT.ARVL
BE,Belgium,2022,,ST.INT.ARVL
BE,Belgium,2021,,ST.INT.ARVL
BE,Belgium,2020,2584000.0,ST.INT.ARVL
BE,Belgium,2019,9343000.0,ST.INT.ARVL
BE,Belgium,2018,9119000.0,ST.INT.ARVL
BZ,Belize,2024,,ST.INT.ARVL
BZ,Belize,2023,,ST.INT.ARVL
BZ,Belize,2022,,ST.INT.ARVL
BZ,Belize,2021,,ST.INT.ARVL
BZ,Belize,2020,487000.0,ST.INT.ARVL
BZ,Belize,2019,1674000.0,ST.INT.ARVL
BZ,Belize,2018,1697000.0,ST.INT.ARVL
BJ,Benin,2024,,ST.INT.ARVL
BJ,Benin,2023,,ST.INT.ARVL
BJ,Benin,2022,,ST.INT.ARVL
BJ,Benin,2021,,ST.INT.ARVL
BJ,Benin,2020,,ST.INT.ARVL
BJ,Benin,2019,337000.0,ST.INT.ARVL
BJ,Benin,2018,322000.0,ST.INT.ARVL
BM,Bermuda,2024,,ST.INT.ARVL
BM,Bermuda,2023,,ST.INT.ARVL
BM,Bermuda,2022,,ST.INT.ARVL
BM,Bermuda,2021,,ST.INT.ARVL
BM,Bermuda,2020,51400.0015258789,ST.INT.ARVL
BM,Bermuda,2019,805000.0,ST.INT.ARVL
BM,Bermuda,2018,766000.0,ST.INT.ARVL
BT,Bhutan,2024,,ST.INT.ARVL
BT,Bhutan,2023,,ST.INT.ARVL
BT,Bhutan,2022,,ST.INT.ARVL
BT,Bhutan,2021,,ST.INT.ARVL
BT,Bhutan,2020,29799.9992370605,ST.INT.ARVL
BT,Bhutan,2019,316000.0,ST.INT.ARVL
BT,Bhutan,2018,274000.0,ST.INT.ARVL
BO,Bolivia,2024,,ST.INT.ARVL
BO,Bolivia,2023,,ST.INT.ARVL
BO,Bolivia,2022,,ST.INT.ARVL
BO,Bolivia,2021,,ST.INT.ARVL
BO,Bolivia,2020,323299.987792969,ST.INT.ARVL
BO,Bolivia,2019,1239000.0,ST.INT.ARVL
BO,Bolivia,2018,1142000.0,ST.INT.ARVL
BA,Bosnia and Herzegovina,2024,,ST.INT.ARVL
BA,Bosnia and Herzegovina,2023,,ST.INT.ARVL
BA,Bosnia and Herzegovina,2022,,ST.INT.ARVL
BA,Bosnia and Herzegovina,2021,,ST.INT.ARVL
BA,Bosnia and Herzegovina,2020,197000.0,ST.INT.ARVL
BA,Bosnia and Herzegovina,2019,1198000.0,ST.INT.ARVL
BA,Bosnia and Herzegovina,2018,1053000.0,ST.INT.ARVL
BW,Botswana,2024,,ST.INT.ARVL
BW,Botswana,2023,,ST.INT.ARVL
BW,Botswana,2022,,ST.INT.ARVL
BW,Botswana,2021,,ST.INT.ARVL
BW,Botswana,2020,,ST.INT.ARVL
BW,Botswana,2019,,ST.INT.ARVL
BW,Botswana,2018,1830000.0,ST.INT.ARVL
BR,Brazil,2024,,ST.INT.ARVL
BR,Brazil,2023,,ST.INT.ARVL
BR,Brazil,2022,,ST.INT.ARVL
BR,Brazil,2021,,ST.INT.ARVL
BR,Brazil,2020,,ST.INT.ARVL
BR,Brazil,2019,6353000.0,ST.INT.ARVL
BR,Brazil,2018,6621000.0,ST.INT.ARVL
VG,British Virgin Islands,2024,,ST.INT.ARVL
VG,British Virgin Islands,2023,,ST.INT.ARVL
VG,British Virgin Islands,2022,,ST.INT.ARVL
VG,British Virgin Islands,2021,,ST.INT.ARVL
VG,British Virgin Islands,2020,83000.0,ST.INT.ARVL
VG,British Virgin Islands,2019,302399.993896484,ST.INT.ARVL
VG,British Virgin Islands,2018,192000.0,ST.INT.ARVL
BN,Brunei Darussalam,2024,,ST.INT.ARVL
BN,Brunei Darussalam,2023,,ST.INT.ARVL
BN,Brunei Darussalam,2022,,ST.INT.ARVL
BN,Brunei Darussalam,2021,,ST.INT.ARVL
BN,Brunei Darussalam,2020,1071000.0,ST.INT.ARVL
BN,Brunei Darussalam,2019,4449000.0,ST.INT.ARVL
BN,Brunei Darussalam,2018,4521000.0,ST.INT.ARVL
BG,Bulgaria,2024,,ST.INT.ARVL
BG,Bulgaria,2023,,ST.INT.ARVL
BG,Bulgaria,2022,,ST.INT.ARVL
BG,Bulgaria,2021,,ST.INT.ARVL
BG,Bulgaria,2020,4973000.0,ST.INT.ARVL
BG,Bulgaria,2019,12552000.0,ST.INT.ARVL
BG,Bulgaria,2018,12368000.0,ST.INT.ARVL
BF,Burkina Faso,2024,,ST.INT.ARVL
BF,Burkina Faso,2023,,ST.INT.ARVL
BF,Burkina Faso,2022,,ST.INT.ARVL
BF,Burkina Faso,2021,,ST.INT.ARVL
BF,Burkina Faso,2020,67000.0,ST.INT.ARVL
BF,Burkina Faso,2019,143000.0,ST.INT.ARVL
BF,Burkina Faso,2018,144000.0,ST.INT.ARVL
BI,Burundi,2024,,ST.INT.ARVL
BI,Burundi,2023,,ST.INT.ARVL
BI,Burundi,2022,,ST.INT.ARVL
BI,Burundi,2021,,ST.INT.ARVL
BI,Burundi,2020,,ST.INT.ARVL
BI,Burundi,2019,,ST.INT.ARVL
BI,Burundi,2018,,ST.INT.ARVL
CV,Cabo Verde,2024,,ST.INT.ARVL
CV,Cabo Verde,2023,,ST.INT.ARVL
CV,Cabo Verde,2022,,ST.INT.ARVL
CV,Cabo Verde,2021,,ST.INT.ARVL
CV,Cabo Verde,2020,180000.0,ST.INT.ARVL
CV,Cabo Verde,2019,758000.0,ST.INT.ARVL
CV,Cabo Verde,2018,710000.0,ST.INT.ARVL
KH,Cambodia,2024,,ST.INT.ARVL
KH,Cambodia,2023,,ST.INT.ARVL
KH,Cambodia,2022,,ST.INT.ARVL
KH,Cambodia,2021,,ST.INT.ARVL
KH,Cambodia,2020,1306000.0,ST.INT.ARVL
KH,Cambodia,2019,6611000.0,ST.INT.ARVL
KH,Cambodia,2018,6201000.0,ST.INT.ARVL
CM,Cameroon,2024,,ST.INT.ARVL
CM,Cameroon,2023,,ST.INT.ARVL
CM,Cameroon,2022,,ST.INT.ARVL
CM,Cameroon,2021,,ST.INT.ARVL
CM,Cameroon,2020,,ST.INT.ARVL
CM,Cameroon,2019,1021000.0,ST.INT.ARVL
CM,Cameroon,2018,997000.0,ST.INT.ARVL
CA,Canada,2024,,ST.INT.ARVL
CA,Canada,2023,,ST.INT.ARVL
CA,Canada,2022,,ST.INT.ARVL
CA,Canada,2021,,ST.INT.ARVL
CA,Canada,2020,,ST.INT.ARVL
CA,Canada,2019,32430000.0,ST.INT.ARVL
CA,Canada,2018,31274000.0,ST.INT.ARVL
KY,Cayman Islands,2024,,ST.INT.ARVL
KY,Cayman Islands,2023,,ST.INT.ARVL
KY,Cayman Islands,2022,,ST.INT.ARVL
KY,Cayman Islands,2021,,ST.INT.ARVL
KY,Cayman Islands,2020,660000.0,ST.INT.ARVL
KY,Cayman Islands,2019,2334000.0,ST.INT.ARVL
KY,Cayman Islands,2018,2384000.0,ST.INT.ARVL
CF,Central African Republic,2024,,ST.INT.ARVL
CF,Central African Republic,2023,,ST.INT.ARVL
CF,Central African Republic,2022,,ST.INT.ARVL
CF,Central African Republic,2021,,ST.INT.ARVL
CF,Central African Republic,2020,,ST.INT.ARVL
CF,Central African Republic,2019,87000.0,ST.INT.ARVL
CF,Central African Republic,2018,109000.0,ST.INT.ARVL
TD,Chad,2024,,ST.INT.ARVL
TD,Chad,2023,,ST.INT.ARVL
TD,Chad,2022,,ST.INT.ARVL
TD,Chad,2021,,ST.INT.ARVL
TD,Chad,2020,10399.9996185303,ST.INT.ARVL
TD,Chad,2019,81000.0,ST.INT.ARVL
TD,Chad,2018,63000.0,ST.INT.ARVL
JG,Channel Islands,2024,,ST.INT.ARVL
JG,Channel Islands,2023,,ST.INT.ARVL
JG,Channel Islands,2022,,ST.INT.ARVL
JG,Channel Islands,2021,,ST.INT.ARVL
JG,Channel Islands,2020,,ST.INT.ARVL
JG,Channel Islands,2019,,ST.INT.ARVL
JG,Channel Islands,2018,,ST.INT.ARVL
CL,Chile,2024,,ST.INT.ARVL
CL,Chile,2023,,ST.INT.ARVL
CL,Chile,2022,,ST.INT.ARVL
CL,Chile,2021,,ST.INT.ARVL
CL,Chile,2020,,ST.INT.ARVL
CL,Chile,2019,5431000.0,ST.INT.ARVL
CL,Chile,2018,6603000.0,ST.INT.ARVL
CN,China,2024,,ST.INT.ARVL
CN,China,2023,,ST.INT.ARVL
CN,China,2022,,ST.INT.ARVL
CN,China,2021,,ST.INT.ARVL
CN,China,2020,30402000.0,ST.INT.ARVL
CN,China,2019,162538000.0,ST.INT.ARVL
CN,China,2018,158606000.0,ST.INT.ARVL
CO,Colombia,2024,,ST.INT.ARVL
CO,Colombia,2023,,ST.INT.ARVL
CO,Colombia,2022,,ST.INT.ARVL
CO,Colombia,2021,,ST.INT.ARVL
CO,Colombia,2020,1396000.0,ST.INT.ARVL
CO,Colombia,2019,4531000.0,ST.INT.ARVL
CO,Colombia,2018,4397000.0,ST.INT.ARVL
KM,Comoros,2024,,ST.INT.ARVL
KM,Comoros,2023,,ST.INT.ARVL
KM,Comoros,2022,,ST.INT.ARVL
KM,Comoros,2021,,ST.INT.ARVL
KM,Comoros,2020,7000.0,ST.INT.ARVL
KM,Comoros,2019,45099.9984741211,ST.INT.ARVL
KM,Comoros,2018,35900.0015258789,ST.INT.ARVL
CD,"Congo, Dem. Rep.",2024,,ST.INT.ARVL
CD,"Congo, Dem. Rep.",2023,,ST.INT.ARVL
CD,"Congo, Dem. Rep.",2022,,ST.INT.ARVL
CD,"Congo, Dem. Rep.",2021,,ST.INT.ARVL
CD,"Congo, Dem. Rep.",2020,,ST.INT.ARVL
CD,"Congo, Dem. Rep.",2019,,ST.INT.ARVL
CD,"Congo, Dem. Rep.",2018,,ST.INT.ARVL
CG,"Congo, Rep.",2024,,ST.INT.ARVL
CG,"Congo, Rep.",2023,,ST.INT.ARVL
CG,"Congo, Rep.",2022,,ST.INT.ARVL
CG,"Congo, Rep.",2021,,ST.INT.ARVL
CG,"Congo, Rep.",2020,,ST.INT.ARVL
CG,"Congo, Rep.",2019,,ST.INT.ARVL
CG,"Congo, Rep.",2018,158000.0,ST.INT.ARVL
CR,Costa Rica,2024,,ST.INT.ARVL
CR,Costa Rica,2023,,ST.INT.ARVL
CR,Costa Rica,2022,,ST.INT.ARVL
CR,Costa Rica,2021,,ST.INT.ARVL
CR,Costa Rica,2020,1146500.0,ST.INT.ARVL
CR,Costa Rica,2019,3366000.0,ST.INT.ARVL
CR,Costa Rica,2018,3313000.0,ST.INT.ARVL
CI,Cote d'Ivoire,2024,,ST.INT.ARVL
CI,Cote d'Ivoire,2023,,ST.INT.ARVL
CI,Cote d'Ivoire,2022,,ST.INT.ARVL
CI,Cote d'Ivoire,2021,,ST.INT.ARVL
CI,Cote d'Ivoire,2020,668000.0,ST.INT.ARVL
CI,Cote d'Ivoire,2019,2070000.0,ST.INT.ARVL
CI,Cote d'Ivoire,2018,1965000.0,ST.INT.ARVL
HR,Croatia,2024,,ST.INT.ARVL
HR,Croatia,2023,,ST.INT.ARVL
HR,Croatia,2022,,ST.INT.ARVL
HR,Croatia,2021,,ST.INT.ARVL
HR,Croatia,2020,21608000.0,ST.INT.ARVL
HR,Croatia,2019,60021000.0,ST.INT.ARVL
HR,Croatia,2018,57668000.0,ST.INT.ARVL
CU,Cuba,2024,,ST.INT.ARVL
CU,Cuba,2023,,ST.INT.ARVL
CU,Cuba,2022,,ST.INT.ARVL
CU,Cuba,2021,,ST.INT.ARVL
CU,Cuba,2020,1086000.0,ST.INT.ARVL
CU,Cuba,2019,4276000.0,ST.INT.ARVL
CU,Cuba,2018,4712000.0,ST.INT.ARVL
CW,Curacao,2024,,ST.INT.ARVL
CW,Curacao,2023,,ST.INT.ARVL
CW,Curacao,2022,,ST.INT.ARVL
CW,Curacao,2021,,ST.INT.ARVL
CW,Curacao,2020,,ST.INT.ARVL
CW,Curacao,2019,1293000.0,ST.INT.ARVL
CW,Curacao,2018,1210000.0,ST.INT.ARVL
CY,Cyprus,2024,,ST.INT.ARVL
CY,Cyprus,2023,,ST.INT.ARVL
CY,Cyprus,2022,,ST.INT.ARVL
CY,Cyprus,2021,,ST.INT.ARVL
CY,Cyprus,2020,,ST.INT.ARVL
CY,Cyprus,2019,4117000.0,ST.INT.ARVL
CY,Cyprus,2018,4024000.0,ST.INT.ARVL
CZ,Czechia,2024,,ST.INT.ARVL
CZ,Czechia,2023,,ST.INT.ARVL
CZ,Czechia,2022,,ST.INT.ARVL
CZ,Czechia,2021,,ST.INT.ARVL
CZ,Czechia,2020,,ST.INT.ARVL
CZ,Czechia,2019,37202000.0,ST.INT.ARVL
CZ,Czechia,2018,36268000.0,ST.INT.ARVL
DK,Denmark,2024,,ST.INT.ARVL
DK,Denmark,2023,,ST.INT.ARVL
DK,Denmark,2022,,ST.INT.ARVL
DK,Denmark,2021,,ST.INT.ARVL
DK,Denmark,2020,15595000.0,ST.INT.ARVL
DK,Denmark,2019,33093000.0,ST.INT.ARVL
DK,Denmark,2018,30801000.0,ST.INT.ARVL
DJ,Djibouti,2024,,ST.INT.ARVL
DJ,Djibouti,2023,,ST.INT.ARVL
DJ,Djibouti,2022,,ST.INT.ARVL
DJ,Djibouti,2021,,ST.INT.ARVL
DJ,Djibouti,2020,,ST.INT.ARVL
DJ,Djibouti,2019,,ST.INT.ARVL
DJ,Djibouti,2018,,ST.INT.ARVL
DM,Dominica,2024,,ST.INT.ARVL
DM,Dominica,2023,,ST.INT.ARVL
DM,Dominica,2022,,ST.INT.ARVL
DM,Dominica,2021,,ST.INT.ARVL
DM,Dominica,2020,140000.0,ST.INT.ARVL
DM,Dominica,2019,322000.0,ST.INT.ARVL
DM,Dominica,2018,199000.0,ST.INT.ARVL
DO,Dominican Republic,2024,,ST.INT.ARVL
DO,Dominican Republic,2023,,ST.INT.ARVL
DO,Dominican Republic,2022,,ST.INT.ARVL
DO,Dominican Republic,2021,,ST.INT.ARVL
DO,Dominican Republic,2020,2748000.0,ST.INT.ARVL
DO,Dominican Republic,2019,7550000.0,ST.INT.ARVL
DO,Dominican Republic,2018,7551000.0,ST.INT.ARVL
EC,Ecuador,2024,,ST.INT.ARVL
EC,Ecuador,2023,,ST.INT.ARVL
EC,Ecuador,2022,,ST.INT.ARVL
EC,Ecuador,2021,,ST.INT.ARVL
EC,Ecuador,2020,,ST.INT.ARVL
EC,Ecuador,2019,2108000.0,ST.INT.ARVL
EC,Ecuador,2018,2535000.0,ST.INT.ARVL
EG,"Egypt, Arab Rep.",2024,,ST.INT.ARVL
EG,"Egypt, Arab Rep.",2023,,ST.INT.ARVL
EG,"Egypt, Arab Rep.",2022,,ST.INT.ARVL
EG,"Egypt, Arab Rep.",2021,,ST.INT.ARVL
EG,"Egypt, Arab Rep.",2020,,ST.INT.ARVL
EG,"Egypt, Arab Rep.",2019,13026000.0,ST.INT.ARVL
EG,"Egypt, Arab Rep.",2018,11346000.0,ST.INT.ARVL
SV,El Salvador,2024,,ST.INT.ARVL
SV,El Salvador,2023,,ST.INT.ARVL
SV,El Salvador,2022,,ST.INT.ARVL
SV,El Salvador,2021,,ST.INT.ARVL
SV,El Salvador,2020,707000.0,ST.INT.ARVL
SV,El Salvador,2019,2639000.0,ST.INT.ARVL
SV,El Salvador,2018,2536000.0,ST.INT.ARVL
GQ,Equatorial Guinea,2024,,ST.INT.ARVL
GQ,Equatorial Guinea,2023,,ST.INT.ARVL
GQ,Equatorial Guinea,2022,,ST.INT.ARVL
GQ,Equatorial Guinea,2021,,ST.INT.ARVL
GQ,Equatorial Guinea,2020,,ST.INT.ARVL
GQ,Equatorial Guinea,2019,,ST.INT.ARVL
GQ,Equatorial Guinea,2018,,ST.INT.ARVL
ER,Eritrea,2024,,ST.INT.ARVL
ER,Eritrea,2023,,ST.INT.ARVL
ER,Eritrea,2022,,ST.INT.ARVL
ER,Eritrea,2021,,ST.INT.ARVL
ER,Eritrea,2020,,ST.INT.ARVL
ER,Eritrea,2019,,ST.INT.ARVL
ER,Eritrea,2018,,ST.INT.ARVL
EE,Estonia,2024,,ST.INT.ARVL
EE,Estonia,2023,,ST.INT.ARVL
EE,Estonia,2022,,ST.INT.ARVL
EE,Estonia,2021,,ST.INT.ARVL
EE,Estonia,2020,1695000.0,ST.INT.ARVL
EE,Estonia,2019,6103000.0,ST.INT.ARVL
EE,Estonia,2018,6033000.0,ST.INT.ARVL
SZ,Eswatini,2024,,ST.INT.ARVL
SZ,Eswatini,2023,,ST.INT.ARVL
SZ,Eswatini,2022,,ST.INT.ARVL
SZ,Eswatini,2021,,ST.INT.ARVL
SZ,Eswatini,2020,345299.987792969,ST.INT.ARVL
SZ,Eswatini,2019,1226000.0,ST.INT.ARVL
SZ,Eswatini,2018,1277000.0,ST.INT.ARVL
ET,Ethiopia,2024,,ST.INT.ARVL
ET,Ethiopia,2023,,ST.INT.ARVL
ET,Ethiopia,2022,,ST.INT.ARVL
ET,Ethiopia,2021,,ST.INT.ARVL
ET,Ethiopia,2020,518000.0,ST.INT.ARVL
ET,Ethiopia,2019,812000.0,ST.INT.ARVL
ET,Ethiopia,2018,849000.0,ST.INT.ARVL
FO,Faroe Islands,2024,,ST.INT.ARVL
FO,Faroe Islands,2023,,ST.INT.ARVL
FO,Faroe Islands,2022,,ST.INT.ARVL
FO,Faroe Islands,2021,,ST.INT.ARVL
FO,Faroe Islands,2020,,ST.INT.ARVL
FO,Faroe Islands,2019,,ST.INT.ARVL
FO,Faroe Islands,2018,,ST.INT.ARVL
FJ,Fiji,2024,,ST.INT.ARVL
FJ,Fiji,2023,,ST.INT.ARVL
FJ,Fiji,2022,,ST.INT.ARVL
FJ,Fiji,2021,,ST.INT.ARVL
FJ,Fiji,2020,168000.0,ST.INT.ARVL
FJ,Fiji,2019,969000.0,ST.INT.ARVL
FJ,Fiji,2018,1058000.0,ST.INT.ARVL
FI,Finland,2024,,ST.INT.ARVL
FI,Finland,2023,,ST.INT.ARVL
FI,Finland,2022,,ST.INT.ARVL
FI,Finland,2021,,ST.INT.ARVL
FI,Finland,2020,896000.0,ST.INT.ARVL
FI,Finland,2019,3290000.0,ST.INT.ARVL
FI,Finland,2018,3224000.0,ST.INT.ARVL
FR,France,2024,,ST.INT.ARVL
FR,France,2023,,ST.INT.ARVL
FR,France,2022,,ST.INT.ARVL
FR,France,2021,,ST.INT.ARVL
FR,France,2020,117109000.0,ST.INT.ARVL
FR,France,2019,217877000.0,ST.INT.ARVL
FR,France,2018,211998000.0,ST.INT.ARVL
PF,French Polynesia,2024,,ST.INT.ARVL
PF,French Polynesia,2023,,ST.INT.ARVL
PF,French Polynesia,2022,,ST.INT.ARVL
PF,French Polynesia,2021,,ST.INT.ARVL
PF,French Polynesia,2020,89400.0015258789,ST.INT.ARVL
PF,French Polynesia,2019,300000.0,ST.INT.ARVL
PF,French Polynesia,2018,264000.0,ST.INT.ARVL
GA,Gabon,2024,,ST.INT.ARVL
GA,Gabon,2023,,ST.INT.ARVL
GA,Gabon,2022,,ST.INT.ARVL
GA,Gabon,2021,,ST.INT.ARVL
GA,Gabon,2020,,ST.INT.ARVL
GA,Gabon,2019,,ST.INT.ARVL
GA,Gabon,2018,,ST.INT.ARVL
GM,"Gambia, The",2024,,ST.INT.ARVL
GM,"Gambia, The",2023,,ST.INT.ARVL
GM,"Gambia, The",2022,,ST.INT.ARVL
GM,"Gambia, The",2021,,ST.INT.ARVL
GM,"Gambia, The",2020,246000.0,ST.INT.ARVL
GM,"Gambia, The",2019,620000.0,ST.INT.ARVL
GM,"Gambia, The",2018,552000.0,ST.INT.ARVL
GE,Georgia,2024,,ST.INT.ARVL
GE,Georgia,2023,,ST.INT.ARVL
GE,Georgia,2022,,ST.INT.ARVL
GE,Georgia,2021,,ST.INT.ARVL
GE,Georgia,2020,1513000.0,ST.INT.ARVL
GE,Georgia,2019,7726000.0,ST.INT.ARVL
GE,Georgia,2018,7203000.0,ST.INT.ARVL
DE,Germany,2024,,ST.INT.ARVL
DE,Germany,2023,,ST.INT.ARVL
DE,Germany,2022,,ST.INT.ARVL
DE,Germany,2021,,ST.INT.ARVL
DE,Germany,2020,12449000.0,ST.INT.ARVL
DE,Germany,2019,39563000.0,ST.INT.ARVL
DE,Germany,2018,38881000.0,ST.INT.ARVL
GH,Ghana,2024,,ST.INT.ARVL
GH,Ghana,2023,,ST.INT.ARVL
GH,Ghana,2022,,ST.INT.ARVL
GH,Ghana,2021,,ST.INT.ARVL
GH,Ghana,2020,,ST.INT.ARVL
GH,Ghana,2019,,ST.INT.ARVL
GH,Ghana,2018,,ST.INT.ARVL
GI,Gibraltar,2024,,ST.INT.ARVL
GI,Gibraltar,2023,,ST.INT.ARVL
GI,Gibraltar,2022,,ST.INT.ARVL
GI,Gibraltar,2021,,ST.INT.ARVL
GI,Gibraltar,2020,,ST.INT.ARVL
GI,Gibraltar,2019,,ST.INT.ARVL
GI,Gibraltar,2018,,ST.INT.ARVL
GR,Greece,2024,,ST.INT.ARVL
GR,Greece,2023,,ST.INT.ARVL
GR,Greece,2022,,ST.INT.ARVL
GR,Greece,2021,,ST.INT.ARVL
GR,Greece,2020,7406000.0,ST.INT.ARVL
GR,Greece,2019,34005000.0,ST.INT.ARVL
GR,Greece,2018,33072000.0,ST.INT.ARVL
GL,Greenland,2024,,ST.INT.ARVL
GL,Greenland,2023,,ST.INT.ARVL
GL,Greenland,2022,,ST.INT.ARVL
GL,Greenland,2021,,ST.INT.ARVL
GL,Greenland,2020,,ST.INT.ARVL
GL,Greenland,2019,,ST.INT.ARVL
GL,Greenland,2018,,ST.INT.ARVL
GD,Grenada,2024,,ST.INT.ARVL
GD,Grenada,2023,,ST.INT.ARVL
GD,Grenada,2022,,ST.INT.ARVL
GD,Grenada,2021,,ST.INT.ARVL
GD,Grenada,2020,217000.0,ST.INT.ARVL
GD,Grenada,2019,526000.0,ST.INT.ARVL
GD,Grenada,2018,529000.0,ST.INT.ARVL
GU,Guam,2024,,ST.INT.ARVL
GU,Guam,2023,,ST.INT.ARVL
GU,Guam,2022,,ST.INT.ARVL
GU,Guam,2021,,ST.INT.ARVL
GU,Guam,2020,328000.0,ST.INT.ARVL
GU,Guam,2019,1667000.0,ST.INT.ARVL
GU,Guam,2018,1549000.0,ST.INT.ARVL
GT,Guatemala,2024,,ST.INT.ARVL
GT,Guatemala,2023,,ST.INT.ARVL
GT,Guatemala,2022,,ST.INT.ARVL
GT,Guatemala,2021,,ST.INT.ARVL
GT,Guatemala,2020,594000.0,ST.INT.ARVL
GT,Guatemala,2019,2560000.0,ST.INT.ARVL
GT,Guatemala,2018,2406000.0,ST.INT.ARVL
GN,Guinea,2024,,ST.INT.ARVL
GN,Guinea,2023,,ST.INT.ARVL
GN,Guinea,2022,,ST.INT.ARVL
GN,Guinea,2021,,ST.INT.ARVL
GN,Guinea,2020,,ST.INT.ARVL
GN,Guinea,2019,,ST.INT.ARVL
GN,Guinea,2018,,ST.INT.ARVL
GW,Guinea-Bissau,2024,,ST.INT.ARVL
GW,Guinea-Bissau,2023,,ST.INT.ARVL
GW,Guinea-Bissau,2022,,ST.INT.ARVL
GW,Guinea-Bissau,2021,,ST.INT.ARVL
GW,Guinea-Bissau,2020,,ST.INT.ARVL
GW,Guinea-Bissau,2019,52400.0015258789,ST.INT.ARVL
GW,Guinea-Bissau,2018,55000.0,ST.INT.ARVL
GY,Guyana,2024,,ST.INT.ARVL
GY,Guyana,2023,,ST.INT.ARVL
GY,Guyana,2022,,ST.INT.ARVL
GY,Guyana,2021,,ST.INT.ARVL
GY,Guyana,2020,86400.0015258789,ST.INT.ARVL
GY,Guyana,2019,315000.0,ST.INT.ARVL
GY,Guyana,2018,287000.0,ST.INT.ARVL
HT,Haiti,2024,,ST.INT.ARVL
HT,Haiti,2023,,ST.INT.ARVL
HT,Haiti,2022,,ST.INT.ARVL
HT,Haiti,2021,,ST.INT.ARVL
HT,Haiti,2020,,ST.INT.ARVL
HT,Haiti,2019,938000.0,ST.INT.ARVL
HT,Haiti,2018,1333000.0,ST.INT.ARVL
HN,Honduras,2024,,ST.INT.ARVL
HN,Honduras,2023,,ST.INT.ARVL
HN,Honduras,2022,,ST.INT.ARVL
HN,Honduras,2021,,ST.INT.ARVL
HN,Honduras,2020,669000.0,ST.INT.ARVL
HN,Honduras,2019,2315000.0,ST.INT.ARVL
HN,Honduras,2018,2323000.0,ST.INT.ARVL
HK,"Hong Kong SAR, China",2024,,ST.INT.ARVL
HK,"Hong Kong SAR, China",2023,,ST.INT.ARVL
HK,"Hong Kong SAR, China",2022,,ST.INT.ARVL
HK,"Hong Kong SAR, China",2021,,ST.INT.ARVL
HK,"Hong Kong SAR, China",2020,3569000.0,ST.INT.ARVL
HK,"Hong Kong SAR, China",2019,55913000.0,ST.INT.ARVL
HK,"Hong Kong SAR, China",2018,65148000.0,ST.INT.ARVL
HU,Hungary,2024,,ST.INT.ARVL
HU,Hungary,2023,,ST.INT.ARVL
HU,Hungary,2022,,ST.INT.ARVL
HU,Hungary,2021,,ST.INT.ARVL
HU,Hungary,2020,31641000.0,ST.INT.ARVL
HU,Hungary,2019,61397000.0,ST.INT.ARVL
HU,Hungary,2018,57667000.0,ST.INT.ARVL
IS,Iceland,2024,,ST.INT.ARVL
IS,Iceland,2023,,ST.INT.ARVL
IS,Iceland,2022,,ST.INT.ARVL
IS,Iceland,2021,,ST.INT.ARVL
IS,Iceland,2020,488000.0,ST.INT.ARVL
IS,Iceland,2019,2202000.0,ST.INT.ARVL
IS,Iceland,2018,2488000.0,ST.INT.ARVL
IN,India,2024,,ST.INT.ARVL
IN,India,2023,,ST.INT.ARVL
IN,India,2022,,ST.INT.ARVL
IN,India,2021,,ST.INT.ARVL
IN,India,2020,,ST.INT.ARVL
IN,India,2019,17914000.0,ST.INT.ARVL
IN,India,2018,17423000.0,ST.INT.ARVL
ID,Indonesia,2024,,ST.INT.ARVL
ID,Indonesia,2023,,ST.INT.ARVL
ID,Indonesia,2022,,ST.INT.ARVL
ID,Indonesia,2021,,ST.INT.ARVL
ID,Indonesia,2020,4053000.0,ST.INT.ARVL
ID,Indonesia,2019,16107000.0,ST.INT.ARVL
ID,Indonesia,2018,15810000.0,ST.INT.ARVL
IR,"Iran, Islamic Rep.",2024,,ST.INT.ARVL
IR,"Iran, Islamic Rep.",2023,,ST.INT.ARVL
IR,"Iran, Islamic Rep.",2022,,ST.INT.ARVL
IR,"Iran, Islamic Rep.",2021,,ST.INT.ARVL
IR,"Iran, Islamic Rep.",2020,1550000.0,ST.INT.ARVL
IR,"Iran, Islamic Rep.",2019,9107000.0,ST.INT.ARVL
IR,"Iran, Islamic Rep.",2018,7295000.0,ST.INT.ARVL
IQ,Iraq,2024,,ST.INT.ARVL
IQ,Iraq,2023,,ST.INT.ARVL
IQ,Iraq,2022,,ST.INT.ARVL
IQ,Iraq,2021,,ST.INT.ARVL
IQ,Iraq,2020,,ST.INT.ARVL
IQ,Iraq,2019,,ST.INT.ARVL
IQ,Iraq,2018,,ST.INT.ARVL
IE,Ireland,2024,,ST.INT.ARVL
IE,Ireland,2023,,ST.INT.ARVL
IE,Ireland,2022,,ST.INT.ARVL
IE,Ireland,2021,,ST.INT.ARVL
IE,Ireland,2020,,ST.INT.ARVL
IE,Ireland,2019,10951000.0,ST.INT.ARVL
IE,Ireland,2018,10926000.0,ST.INT.ARVL
IM,Isle of Man,2024,,ST.INT.ARVL
IM,Isle of Man,2023,,ST.INT.ARVL
IM,Isle of Man,2022,,ST.INT.ARVL
IM,Isle of Man,2021,,ST.INT.ARVL
IM,Isle of Man,2020,,ST.INT.ARVL
IM,Isle of Man,2019,,ST.INT.ARVL
IM,Isle of Man,2018,,ST.INT.ARVL
IL,Israel,2024,,ST.INT.ARVL
IL,Israel,2023,,ST.INT.ARVL
IL,Israel,2022,,ST.INT.ARVL
IL,Israel,2021,,ST.INT.ARVL
IL,Israel,2020,,ST.INT.ARVL
IL,Israel,2019,4905000.0,ST.INT.ARVL
IL,Israel,2018,4389000.0,ST.INT.ARVL
IT,Italy,2024,,ST.INT.ARVL
IT,Italy,2023,,ST.INT.ARVL
IT,Italy,2022,,ST.INT.ARVL
IT,Italy,2021,,ST.INT.ARVL
IT,Italy,2020,38419000.0,ST.INT.ARVL
IT,Italy,2019,95399000.0,ST.INT.ARVL
IT,Italy,2018,93228601.5625,ST.INT.ARVL
JM,Jamaica,2024,,ST.INT.ARVL
JM,Jamaica,2023,,ST.INT.ARVL
JM,Jamaica,2022,,ST.INT.ARVL
JM,Jamaica,2021,,ST.INT.ARVL
JM,Jamaica,2020,1329699.95117188,ST.INT.ARVL
JM,Jamaica,2019,4233000.0,ST.INT.ARVL
JM,Jamaica,2018,4319000.0,ST.INT.ARVL
JP,Japan,2024,,ST.INT.ARVL
JP,Japan,2023,,ST.INT.ARVL
JP,Japan,2022,,ST.INT.ARVL
JP,Japan,2021,,ST.INT.ARVL
JP,Japan,2020,4115799.8046875,ST.INT.ARVL
JP,Japan,2019,31881000.0,ST.INT.ARVL
JP,Japan,2018,31191000.0,ST.INT.ARVL
JO,Jordan,2024,,ST.INT.ARVL
JO,Jordan,2023,,ST.INT.ARVL
JO,Jordan,2022,,ST.INT.ARVL
JO,Jordan,2021,,ST.INT.ARVL
JO,Jordan,2020,1240000.0,ST.INT.ARVL
JO,Jordan,2019,5361000.0,ST.INT.ARVL
JO,Jordan,2018,4922000.0,ST.INT.ARVL
KZ,Kazakhstan,2024,,ST.INT.ARVL
KZ,Kazakhstan,2023,,ST.INT.ARVL
KZ,Kazakhstan,2022,,ST.INT.ARVL
KZ,Kazakhstan,2021,,ST.INT.ARVL
KZ,Kazakhstan,2020,2035000.0,ST.INT.ARVL
KZ,Kazakhstan,2019,8515000.0,ST.INT.ARVL
KZ,Kazakhstan,2018,8789000.0,ST.INT.ARVL
KE,Kenya,2024,,ST.INT.ARVL
KE,Kenya,2023,,ST.INT.ARVL
KE,Kenya,2022,,ST.INT.ARVL
KE,Kenya,2021,,ST.INT.ARVL
KE,Kenya,2020,,ST.INT.ARVL
KE,Kenya,2019,2049000.0,ST.INT.ARVL
KE,Kenya,2018,2025000.0,ST.INT.ARVL
KI,Kiribati,2024,,ST.INT.ARVL
KI,Kiribati,2023,,ST.INT.ARVL
KI,Kiribati,2022,,ST.INT.ARVL
KI,Kiribati,2021,,ST.INT.ARVL
KI,Kiribati,2020,,ST.INT.ARVL
KI,Kiribati,2019,12000.0,ST.INT.ARVL
KI,Kiribati,2018,9000.0,ST.INT.ARVL
KP,"Korea, Dem. People's Rep.",2024,,ST.INT.ARVL
KP,"Korea, Dem. People's Rep.",2023,,ST.INT.ARVL
KP,"Korea, Dem. People's Rep.",2022,,ST.INT.ARVL
KP,"Korea, Dem. People's Rep.",2021,,ST.INT.ARVL
KP,"Korea, Dem. People's Rep.",2020,,ST.INT.ARVL
KP,"Korea, Dem. People's Rep.",2019,,ST.INT.ARVL
KP,"Korea, Dem. People's Rep.",2018,,ST.INT.ARVL
KR,"Korea, Rep.",2024,,ST.INT.ARVL
KR,"Korea, Rep.",2023,,ST.INT.ARVL
KR,"Korea, Rep.",2022,,ST.INT.ARVL
KR,"Korea, Rep.",2021,,ST.INT.ARVL
KR,"Korea, Rep.",2020,2519000.0,ST.INT.ARVL
KR,"Korea, Rep.",2019,17503000.0,ST.INT.ARVL
KR,"Korea, Rep.",2018,15347000.0,ST.INT.ARVL
XK,Kosovo,2024,,ST.INT.ARVL
XK,Kosovo,2023,,ST.INT.ARVL
XK,Kosovo,2022,,ST.INT.ARVL
XK,Kosovo,2021,,ST.INT.ARVL
XK,Kosovo,2020,,ST.INT.ARVL
XK,Kosovo,2019,,ST.INT.ARVL
XK,Kosovo,2018,,ST.INT.ARVL
KW,Kuwait,2024,,ST.INT.ARVL
KW,Kuwait,2023,,ST.INT.ARVL
KW,Kuwait,2022,,ST.INT.ARVL
KW,Kuwait,2021,,ST.INT.ARVL
KW,Kuwait,2020,2161000.0,ST.INT.ARVL
KW,Kuwait,2019,8565000.0,ST.INT.ARVL
KW,Kuwait,2018,8508000.0,ST.INT.ARVL
KG,Kyrgyz Republic,2024,,ST.INT.ARVL
KG,Kyrgyz Republic,2023,,ST.INT.ARVL
KG,Kyrgyz Republic,2022,,ST.INT.ARVL
KG,Kyrgyz Republic,2021,,ST.INT.ARVL
KG,Kyrgyz Republic,2020,,ST.INT.ARVL
KG,Kyrgyz Republic,2019,8508000.0,ST.INT.ARVL
KG,Kyrgyz Republic,2018,6947000.0,ST.INT.ARVL
LA,Lao PDR,2024,,ST.INT.ARVL
LA,Lao PDR,2023,,ST.INT.ARVL
LA,Lao PDR,2022,,ST.INT.ARVL
LA,Lao PDR,2021,,ST.INT.ARVL
LA,Lao PDR,2020,886400.024414063,ST.INT.ARVL
LA,Lao PDR,2019,4791000.0,ST.INT.ARVL
LA,Lao PDR,2018,4186000.0,ST.INT.ARVL
LV,Latvia,2024,,ST.INT.ARVL
LV,Latvia,2023,,ST.INT.ARVL
LV,Latvia,2022,,ST.INT.ARVL
LV,Latvia,2021,,ST.INT.ARVL
LV,Latvia,2020,3204000.0,ST.INT.ARVL
LV,Latvia,2019,8342000.0,ST.INT.ARVL
LV,Latvia,2018,7775000.0,ST.INT.ARVL
LB,Lebanon,2024,,ST.INT.ARVL
LB,Lebanon,2023,,ST.INT.ARVL
LB,Lebanon,2022,,ST.INT.ARVL
LB,Lebanon,2021,,ST.INT.ARVL
LB,Lebanon,2020,,ST.INT.ARVL
LB,Lebanon,2019,1936000.0,ST.INT.ARVL
LB,Lebanon,2018,1964000.0,ST.INT.ARVL
LS,Lesotho,2024,,ST.INT.ARVL
LS,Lesotho,2023,,ST.INT.ARVL
LS,Lesotho,2022,,ST.INT.ARVL
LS,Lesotho,2021,,ST.INT.ARVL
LS,Lesotho,2020,,ST.INT.ARVL
LS,Lesotho,2019,1142000.0,ST.INT.ARVL
LS,Lesotho,2018,1173000.0,ST.INT.ARVL
LR,Liberia,2024,,ST.INT.ARVL
LR,Liberia,2023,,ST.INT.ARVL
LR,Liberia,2022,,ST.INT.ARVL
LR,Liberia,2021,,ST.INT.ARVL
LR,Liberia,2020,,ST.INT.ARVL
LR,Liberia,2019,,ST.INT.ARVL
LR,Liberia,2018,,ST.INT.ARVL
LY,Libya,2024,,ST.INT.ARVL
LY,Libya,2023,,ST.INT.ARVL
LY,Libya,2022,,ST.INT.ARVL
LY,Libya,2021,,ST.INT.ARVL
LY,Libya,2020,,ST.INT.ARVL
LY,Libya,2019,,ST.INT.ARVL
LY,Libya,2018,,ST.INT.ARVL
LI,Liechtenstein,2024,,ST.INT.ARVL
LI,Liechtenstein,2023,,ST.INT.ARVL
LI,Liechtenstein,2022,,ST.INT.ARVL
LI,Liechtenstein,2021,,ST.INT.ARVL
LI,Liechtenstein,2020,58400.0015258789,ST.INT.ARVL
LI,Liechtenstein,2019,98099.9984741211,ST.INT.ARVL
LI,Liechtenstein,2018,85300.0030517578,ST.INT.ARVL
LT,Lithuania,2024,,ST.INT.ARVL
LT,Lithuania,2023,,ST.INT.ARVL
LT,Lithuania,2022,,ST.INT.ARVL
LT,Lithuania,2021,,ST.INT.ARVL
LT,Lithuania,2020,2284000.0,ST.INT.ARVL
LT,Lithuania,2019,6150000.0,ST.INT.ARVL
LT,Lithuania,2018,6115000.0,ST.INT.ARVL
LU,Luxembourg,2024,,ST.INT.ARVL
LU,Luxembourg,2023,,ST.INT.ARVL
LU,Luxembourg,2022,,ST.INT.ARVL
LU,Luxembourg,2021,,ST.INT.ARVL
LU,Luxembourg,2020,525000.0,ST.INT.ARVL
LU,Luxembourg,2019,1041000.0,ST.INT.ARVL
LU,Luxembourg,2018,1018000.0,ST.INT.ARVL
MO,"Macao SAR, China",2024,,ST.INT.ARVL
MO,"Macao SAR, China",2023,,ST.INT.ARVL
MO,"Macao SAR, China",2022,,ST.INT.ARVL
MO,"Macao SAR, China",2021,,ST.INT.ARVL
MO,"Macao SAR, China",2020,5897000.0,ST.INT.ARVL
MO,"Macao SAR, China",2019,39406000.0,ST.INT.ARVL
MO,"Macao SAR, China",2018,35804000.0,ST.INT.ARVL
MG,Madagascar,2024,,ST.INT.ARVL
MG,Madagascar,2023,,ST.INT.ARVL
MG,Madagascar,2022,,ST.INT.ARVL
MG,Madagascar,2021,,ST.INT.ARVL
MG,Madagascar,2020,87099.9984741211,ST.INT.ARVL
MG,Madagascar,2019,486000.0,ST.INT.ARVL
MG,Madagascar,2018,360000.0,ST.INT.ARVL
MW,Malawi,2024,,ST.INT.ARVL
MW,Malawi,2023,,ST.INT.ARVL
MW,Malawi,2022,,ST.INT.ARVL
MW,Malawi,2021,,ST.INT.ARVL
MW,Malawi,2020,,ST.INT.ARVL
MW,Malawi,2019,,ST.INT.ARVL
MW,Malawi,2018,871000.0,ST.INT.ARVL
MY,Malaysia,2024,,ST.INT.ARVL
MY,Malaysia,2023,,ST.INT.ARVL
MY,Malaysia,2022,,ST.INT.ARVL
MY,Malaysia,2021,,ST.INT.ARVL
MY,Malaysia,2020,4333000.0,ST.INT.ARVL
MY,Malaysia,2019,26101000.0,ST.INT.ARVL
MY,Malaysia,2018,25832000.0,ST.INT.ARVL
MV,Maldives,2024,,ST.INT.ARVL
MV,Maldives,2023,,ST.INT.ARVL
MV,Maldives,2022,,ST.INT.ARVL
MV,Maldives,2021,,ST.INT.ARVL
MV,Maldives,2020,555000.0,ST.INT.ARVL
MV,Maldives,2019,1703000.0,ST.INT.ARVL
MV,Maldives,2018,1484000.0,ST.INT.ARVL
ML,Mali,2024,,ST.INT.ARVL
ML,Mali,2023,,ST.INT.ARVL
ML,Mali,2022,,ST.INT.ARVL
ML,Mali,2021,,ST.INT.ARVL
ML,Mali,2020,,ST.INT.ARVL
ML,Mali,2019,217000.0,ST.INT.ARVL
ML,Mali,2018,203000.0,ST.INT.ARVL
MT,Malta,2024,,ST.INT.ARVL
MT,Malta,2023,,ST.INT.ARVL
MT,Malta,2022,,ST.INT.ARVL
MT,Malta,2021,,ST.INT.ARVL
MT,Malta,2020,718000.0,ST.INT.ARVL
MT,Malta,2019,3519000.0,ST.INT.ARVL
MT,Malta,2018,3232000.0,ST.INT.ARVL
MH,Marshall Islands,2024,,ST.INT.ARVL
MH,Marshall Islands,2023,,ST.INT.ARVL
MH,Marshall Islands,2022,,ST.INT.ARVL
MH,Marshall Islands,2021,,ST.INT.ARVL
MH,Marshall Islands,2020,,ST.INT.ARVL
MH,Marshall Islands,2019,6099.99990463257,ST.INT.ARVL
MH,Marshall Islands,2018,6800.00019073486,ST.INT.ARVL
MR,Mauritania,2024,,ST.INT.ARVL
MR,Mauritania,2023,,ST.INT.ARVL
MR,Mauritania,2022,,ST.INT.ARVL
MR,Mauritania,2021,,ST.INT.ARVL
MR,Mauritania,2020,,ST.INT.ARVL
MR,Mauritania,2019,,ST.INT.ARVL
MR,Mauritania,2018,,ST.INT.ARVL
MU,Mauritius,2024,,ST.INT.ARVL
MU,Mauritius,2023,,ST.INT.ARVL
MU,Mauritius,2022,,ST.INT.ARVL
MU,Mauritius,2021,,ST.INT.ARVL
MU,Mauritius,2020,316000.0,ST.INT.ARVL
MU,Mauritius,2019,1418000.0,ST.INT.ARVL
MU,Mauritius,2018,1431000.0,ST.INT.ARVL
MX,Mexico,2024,,ST.INT.ARVL
MX,Mexico,2023,,ST.INT.ARVL
MX,Mexico,2022,,ST.INT.ARVL
MX,Mexico,2021,,ST.INT.ARVL
MX,Mexico,2020,51128000.0,ST.INT.ARVL
MX,Mexico,2019,97406000.0,ST.INT.ARVL
MX,Mexico,2018,96497000.0,ST.INT.ARVL
FM,"Micronesia, Fed. Sts.",2024,,ST.INT.ARVL
FM,"Micronesia, Fed. Sts.",2023,,ST.INT.ARVL
FM,"Micronesia, Fed. Sts.",2022,,ST.INT.ARVL
FM,"Micronesia, Fed. Sts.",2021,,ST.INT.ARVL
FM,"Micronesia, Fed. Sts.",2020,,ST.INT.ARVL
FM,"Micronesia, Fed. Sts.",2019,18000.0,ST.INT.ARVL
FM,"Micronesia, Fed. Sts.",2018,19200.0007629395,ST.INT.ARVL
MD,Moldova,2024,,ST.INT.ARVL
MD,Moldova,2023,,ST.INT.ARVL
MD,Moldova,2022,,ST.INT.ARVL
MD,Moldova,2021,,ST.INT.ARVL
MD,Moldova,2020,29000.0,ST.INT.ARVL
MD,Moldova,2019,174000.0,ST.INT.ARVL
MD,Moldova,2018,160000.0,ST.INT.ARVL
MC,Monaco,2024,,ST.INT.ARVL
MC,Monaco,2023,,ST.INT.ARVL
MC,Monaco,2022,,ST.INT.ARVL
MC,Monaco,2021,,ST.INT.ARVL
MC,Monaco,2020,159000.0,ST.INT.ARVL
MC,Monaco,2019,363000.0,ST.INT.ARVL
MC,Monaco,2018,347000.0,ST.INT.ARVL
MN,Mongolia,2024,,ST.INT.ARVL
MN,Mongolia,2023,,ST.INT.ARVL
MN,Mongolia,2022,,ST.INT.ARVL
MN,Mongolia,2021,,ST.INT.ARVL
MN,Mongolia,2020,66900.0015258789,ST.INT.ARVL
MN,Mongolia,2019,637000.0,ST.INT.ARVL
MN,Mongolia,2018,598000.0,ST.INT.ARVL
ME,Montenegro,2024,,ST.INT.ARVL
ME,Montenegro,2023,,ST.INT.ARVL
ME,Montenegro,2022,,ST.INT.ARVL
ME,Montenegro,2021,,ST.INT.ARVL
ME,Montenegro,2020,351000.0,ST.INT.ARVL
ME,Montenegro,2019,2510000.0,ST.INT.ARVL
ME,Montenegro,2018,2077000.0,ST.INT.ARVL
MA,Morocco,2024,,ST.INT.ARVL
MA,Morocco,2023,,ST.INT.ARVL
MA,Morocco,2022,,ST.INT.ARVL
MA,Morocco,2021,,ST.INT.ARVL
MA,Morocco,2020,2802000.0,ST.INT.ARVL
MA,Morocco,2019,13109000.0,ST.INT.ARVL
MA,Morocco,2018,12489000.0,ST.INT.ARVL
MZ,Mozambique,2024,,ST.INT.ARVL
MZ,Mozambique,2023,,ST.INT.ARVL
MZ,Mozambique,2022,,ST.INT.ARVL
MZ,Mozambique,2021,,ST.INT.ARVL
MZ,Mozambique,2020,,ST.INT.ARVL
MZ,Mozambique,2019,2033000.0,ST.INT.ARVL
MZ,Mozambique,2018,2870000.0,ST.INT.ARVL
MM,Myanmar,2024,,ST.INT.ARVL
MM,Myanmar,2023,,ST.INT.ARVL
MM,Myanmar,2022,,ST.INT.ARVL
MM,Myanmar,2021,,ST.INT.ARVL
MM,Myanmar,2020,903000.0,ST.INT.ARVL
MM,Myanmar,2019,4364000.0,ST.INT.ARVL
MM,Myanmar,2018,3551000.0,ST.INT.ARVL
NA,Namibia,2024,,ST.INT.ARVL
NA,Namibia,2023,,ST.INT.ARVL
NA,Namibia,2022,,ST.INT.ARVL
NA,Namibia,2021,,ST.INT.ARVL
NA,Namibia,2020,187100.006103516,ST.INT.ARVL
NA,Namibia,2019,1651000.0,ST.INT.ARVL
NA,Namibia,2018,1639000.0,ST.INT.ARVL
NR,Nauru,2024,,ST.INT.ARVL
NR,Nauru,2023,,ST.INT.ARVL
NR,Nauru,2022,,ST.INT.ARVL
NR,Nauru,2021,,ST.INT.ARVL
NR,Nauru,2020,,ST.INT.ARVL
NR,Nauru,2019,,ST.INT.ARVL
NR,Nauru,2018,,ST.INT.ARVL
NP,Nepal,2024,,ST.INT.ARVL
NP,Nepal,2023,,ST.INT.ARVL
NP,Nepal,2022,,ST.INT.ARVL
NP,Nepal,2021,,ST.INT.ARVL
NP,Nepal,2020,230000.0,ST.INT.ARVL
NP,Nepal,2019,1197000.0,ST.INT.ARVL
NP,Nepal,2018,1173000.0,ST.INT.ARVL
NL,Netherlands,2024,,ST.INT.ARVL
NL,Netherlands,2023,,ST.INT.ARVL
NL,Netherlands,2022,,ST.INT.ARVL
NL,Netherlands,2021,,ST.INT.ARVL
NL,Netherlands,2020,7265000.0,ST.INT.ARVL
NL,Netherlands,2019,20129000.0,ST.INT.ARVL
NL,Netherlands,2018,18780000.0,ST.INT.ARVL
NC,New Caledonia,2024,,ST.INT.ARVL
NC,New Caledonia,2023,,ST.INT.ARVL
NC,New Caledonia,2022,,ST.INT.ARVL
NC,New Caledonia,2021,,ST.INT.ARVL
NC,New Caledonia,2020,31000.0,ST.INT.ARVL
NC,New Caledonia,2019,130000.0,ST.INT.ARVL
NC,New Caledonia,2018,120000.0,ST.INT.ARVL
NZ,New Zealand,2024,,ST.INT.ARVL
NZ,New Zealand,2023,,ST.INT.ARVL
NZ,New Zealand,2022,,ST.INT.ARVL
NZ,New Zealand,2021,,ST.INT.ARVL
NZ,New Zealand,2020,996000.0,ST.INT.ARVL
NZ,New Zealand,2019,3888000.0,ST.INT.ARVL
NZ,New Zealand,2018,3858000.0,ST.INT.ARVL
NI,Nicaragua,2024,,ST.INT.ARVL
NI,Nicaragua,2023,,ST.INT.ARVL
NI,Nicaragua,2022,,ST.INT.ARVL
NI,Nicaragua,2021,,ST.INT.ARVL
NI,Nicaragua,2020,474000.0,ST.INT.ARVL
NI,Nicaragua,2019,1455000.0,ST.INT.ARVL
NI,Nicaragua,2018,1412000.0,ST.INT.ARVL
NE,Niger,2024,,ST.INT.ARVL
NE,Niger,2023,,ST.INT.ARVL
NE,Niger,2022,,ST.INT.ARVL
NE,Niger,2021,,ST.INT.ARVL
NE,Niger,2020,85000.0,ST.INT.ARVL
NE,Niger,2019,192000.0,ST.INT.ARVL
NE,Niger,2018,157000.0,ST.INT.ARVL
NG,Nigeria,2024,,ST.INT.ARVL
NG,Nigeria,2023,,ST.INT.ARVL
NG,Nigeria,2022,,ST.INT.ARVL
NG,Nigeria,2021,,ST.INT.ARVL
NG,Nigeria,2020,,ST.INT.ARVL
NG,Nigeria,2019,,ST.INT.ARVL
NG,Nigeria,2018,,ST.INT.ARVL
MK,North Macedonia,2024,,ST.INT.ARVL
MK,North Macedonia,2023,,ST.INT.ARVL
MK,North Macedonia,2022,,ST.INT.ARVL
MK,North Macedonia,2021,,ST.INT.ARVL
MK,North Macedonia,2020,118000.0,ST.INT.ARVL
MK,North Macedonia,2019,758000.0,ST.INT.ARVL
MK,North Macedonia,2018,707000.0,ST.INT.ARVL
MP,Northern Mariana Islands,2024,,ST.INT.ARVL
MP,Northern Mariana Islands,2023,,ST.INT.ARVL
MP,Northern Mariana Islands,2022,,ST.INT.ARVL
MP,Northern Mariana Islands,2021,,ST.INT.ARVL
MP,Northern Mariana Islands,2020,,ST.INT.ARVL
MP,Northern Mariana Islands,2019,487000.0,ST.INT.ARVL
MP,Northern Mariana Islands,2018,518000.0,ST.INT.ARVL
NO,Norway,2024,,ST.INT.ARVL
NO,Norway,2023,,ST.INT.ARVL
NO,Norway,2022,,ST.INT.ARVL
NO,Norway,2021,,ST.INT.ARVL
NO,Norway,2020,1397000.0,ST.INT.ARVL
NO,Norway,2019,5879000.0,ST.INT.ARVL
NO,Norway,2018,5688000.0,ST.INT.ARVL
OM,Oman,2024,,ST.INT.ARVL
OM,Oman,2023,,ST.INT.ARVL
OM,Oman,2022,,ST.INT.ARVL
OM,Oman,2021,,ST.INT.ARVL
OM,Oman,2020,869000.0,ST.INT.ARVL
OM,Oman,2019,3506000.0,ST.INT.ARVL
OM,Oman,2018,3242000.0,ST.INT.ARVL
PK,Pakistan,2024,,ST.INT.ARVL
PK,Pakistan,2023,,ST.INT.ARVL
PK,Pakistan,2022,,ST.INT.ARVL
PK,Pakistan,2021,,ST.INT.ARVL
PK,Pakistan,2020,,ST.INT.ARVL
PK,Pakistan,2019,,ST.INT.ARVL
PK,Pakistan,2018,,ST.INT.ARVL
PW,Palau,2024,,ST.INT.ARVL
PW,Palau,2023,,ST.INT.ARVL
PW,Palau,2022,,ST.INT.ARVL
PW,Palau,2021,,ST.INT.ARVL
PW,Palau,2020,18399.9996185303,ST.INT.ARVL
PW,Palau,2019,94000.0,ST.INT.ARVL
PW,Palau,2018,106000.0,ST.INT.ARVL
PA,Panama,2024,,ST.INT.ARVL
PA,Panama,2023,,ST.INT.ARVL
PA,Panama,2022,,ST.INT.ARVL
PA,Panama,2021,,ST.INT.ARVL
PA,Panama,2020,647000.0,ST.INT.ARVL
PA,Panama,2019,2494000.0,ST.INT.ARVL
PA,Panama,2018,2487000.0,ST.INT.ARVL
PG,Papua New Guinea,2024,,ST.INT.ARVL
PG,Papua New Guinea,2023,,ST.INT.ARVL
PG,Papua New Guinea,2022,,ST.INT.ARVL
PG,Papua New Guinea,2021,,ST.INT.ARVL
PG,Papua New Guinea,2020,39000.0,ST.INT.ARVL
PG,Papua New Guinea,2019,211000.0,ST.INT.ARVL
PG,Papua New Guinea,2018,195000.0,ST.INT.ARVL
PY,Paraguay,2024,,ST.INT.ARVL
PY,Paraguay,2023,,ST.INT.ARVL
PY,Paraguay,2022,,ST.INT.ARVL
PY,Paraguay,2021,,ST.INT.ARVL
PY,Paraguay,2020,1077000.0,ST.INT.ARVL
PY,Paraguay,2019,4368000.0,ST.INT.ARVL
PY,Paraguay,2018,4183000.0,ST.INT.ARVL
PE,Peru,2024,,ST.INT.ARVL
PE,Peru,2023,,ST.INT.ARVL
PE,Peru,2022,,ST.INT.ARVL
PE,Peru,2021,,ST.INT.ARVL
PE,Peru,2020,1119000.0,ST.INT.ARVL
PE,Peru,2019,5275000.0,ST.INT.ARVL
PE,Peru,2018,5384000.0,ST.INT.ARVL
PH,Philippines,2024,,ST.INT.ARVL
PH,Philippines,2023,,ST.INT.ARVL
PH,Philippines,2022,,ST.INT.ARVL
PH,Philippines,2021,,ST.INT.ARVL
PH,Philippines,2020,1483000.0,ST.INT.ARVL
PH,Philippines,2019,8261000.0,ST.INT.ARVL
PH,Philippines,2018,7168000.0,ST.INT.ARVL
PL,Poland,2024,,ST.INT.ARVL
PL,Poland,2023,,ST.INT.ARVL
PL,Poland,2022,,ST.INT.ARVL
PL,Poland,2021,,ST.INT.ARVL
PL,Poland,2020,,ST.INT.ARVL
PL,Poland,2019,88515000.0,ST.INT.ARVL
PL,Poland,2018,85946000.0,ST.INT.ARVL
PT,Portugal,2024,,ST.INT.ARVL
PT,Portugal,2023,,ST.INT.ARVL
PT,Portugal,2022,,ST.INT.ARVL
PT,Portugal,2021,,ST.INT.ARVL
PT,Portugal,2020,4208000.0,ST.INT.ARVL
PT,Portugal,2019,17283000.0,ST.INT.ARVL
PT,Portugal,2018,16186000.0,ST.INT.ARVL
PR,Puerto Rico (US),2024,,ST.INT.ARVL
PR,Puerto Rico (US),2023,,ST.INT.ARVL
PR,Puerto Rico (US),2022,,ST.INT.ARVL
PR,Puerto Rico (US),2021,,ST.INT.ARVL
PR,Puerto Rico (US),2020,3882000.0,ST.INT.ARVL
PR,Puerto Rico (US),2019,4931000.0,ST.INT.ARVL
PR,Puerto Rico (US),2018,4260000.0,ST.INT.ARVL
QA,Qatar,2024,,ST.INT.ARVL
QA,Qatar,2023,,ST.INT.ARVL
QA,Qatar,2022,,ST.INT.ARVL
QA,Qatar,2021,,ST.INT.ARVL
QA,Qatar,2020,582000.0,ST.INT.ARVL
QA,Qatar,2019,2136500.0,ST.INT.ARVL
QA,Qatar,2018,1819000.0,ST.INT.ARVL
RO,Romania,2024,,ST.INT.ARVL
RO,Romania,2023,,ST.INT.ARVL
RO,Romania,2022,,ST.INT.ARVL
RO,Romania,2021,,ST.INT.ARVL
RO,Romania,2020,5023000.0,ST.INT.ARVL
RO,Romania,2019,12815000.0,ST.INT.ARVL
RO,Romania,2018,11720000.0,ST.INT.ARVL
RU,Russian Federation,2024,,ST.INT.ARVL
RU,Russian Federation,2023,,ST.INT.ARVL
RU,Russian Federation,2022,,ST.INT.ARVL
RU,Russian Federation,2021,,ST.INT.ARVL
RU,Russian Federation,2020,6359000.0,ST.INT.ARVL
RU,Russian Federation,2019,24419000.0,ST.INT.ARVL
RU,Russian Federation,2018,24551000.0,ST.INT.ARVL
RW,Rwanda,2024,,ST.INT.ARVL
RW,Rwanda,2023,,ST.INT.ARVL
RW,Rwanda,2022,,ST.INT.ARVL
RW,Rwanda,2021,,ST.INT.ARVL
RW,Rwanda,2020,,ST.INT.ARVL
RW,Rwanda,2019,1634000.0,ST.INT.ARVL
RW,Rwanda,2018,1711000.0,ST.INT.ARVL
WS,Samoa,2024,,ST.INT.ARVL
WS,Samoa,2023,,ST.INT.ARVL
WS,Samoa,2022,,ST.INT.ARVL
WS,Samoa,2021,,ST.INT.ARVL
WS,Samoa,2020,23899.9996185303,ST.INT.ARVL
WS,Samoa,2019,181000.0,ST.INT.ARVL
WS,Samoa,2018,172000.0,ST.INT.ARVL
SM,San Marino,2024,,ST.INT.ARVL
SM,San Marino,2023,,ST.INT.ARVL
SM,San Marino,2022,,ST.INT.ARVL
SM,San Marino,2021,,ST.INT.ARVL
SM,San Marino,2020,,ST.INT.ARVL
SM,San Marino,2019,1904000.0,ST.INT.ARVL
SM,San Marino,2018,1874000.0,ST.INT.ARVL
ST,Sao Tome and Principe,2024,,ST.INT.ARVL
ST,Sao Tome and Principe,2023,,ST.INT.ARVL
ST,Sao Tome and Principe,2022,,ST.INT.ARVL
ST,Sao Tome and Principe,2021,,ST.INT.ARVL
ST,Sao Tome and Principe,2020,,ST.INT.ARVL
ST,Sao Tome and Principe,2019,,ST.INT.ARVL
ST,Sao Tome and Principe,2018,33400.0015258789,ST.INT.ARVL
SA,Saudi Arabia,2024,,ST.INT.ARVL
SA,Saudi Arabia,2023,,ST.INT.ARVL
SA,Saudi Arabia,2022,,ST.INT.ARVL
SA,Saudi Arabia,2021,,ST.INT.ARVL
SA,Saudi Arabia,2020,,ST.INT.ARVL
SA,Saudi Arabia,2019,20292000.0,ST.INT.ARVL
SA,Saudi Arabia,2018,17570000.0,ST.INT.ARVL
SN,Senegal,2024,,ST.INT.ARVL
SN,Senegal,2023,,ST.INT.ARVL
SN,Senegal,2022,,ST.INT.ARVL
SN,Senegal,2021,,ST.INT.ARVL
SN,Senegal,2020,,ST.INT.ARVL
SN,Senegal,2019,,ST.INT.ARVL
SN,Senegal,2018,,ST.INT.ARVL
RS,Serbia,2024,,ST.INT.ARVL
RS,Serbia,2023,,ST.INT.ARVL
RS,Serbia,2022,,ST.INT.ARVL
RS,Serbia,2021,,ST.INT.ARVL
RS,Serbia,2020,446000.0,ST.INT.ARVL
RS,Serbia,2019,1847000.0,ST.INT.ARVL
RS,Serbia,2018,1711000.0,ST.INT.ARVL
SC,Seychelles,2024,,ST.INT.ARVL
SC,Seychelles,2023,,ST.INT.ARVL
SC,Seychelles,2022,,ST.INT.ARVL
SC,Seychelles,2021,,ST.INT.ARVL
SC,Seychelles,2020,124500.0,ST.INT.ARVL
SC,Seychelles,2019,428000.0,ST.INT.ARVL
SC,Seychelles,2018,405000.0,ST.INT.ARVL
SL,Sierra Leone,2024,,ST.INT.ARVL
SL,Sierra Leone,2023,,ST.INT.ARVL
SL,Sierra Leone,2022,,ST.INT.ARVL
SL,Sierra Leone,2021,,ST.INT.ARVL
SL,Sierra Leone,2020,,ST.INT.ARVL
SL,Sierra Leone,2019,71000.0,ST.INT.ARVL
SL,Sierra Leone,2018,66000.0,ST.INT.ARVL
SG,Singapore,2024,,ST.INT.ARVL
SG,Singapore,2023,,ST.INT.ARVL
SG,Singapore,2022,,ST.INT.ARVL
SG,Singapore,2021,,ST.INT.ARVL
SG,Singapore,2020,2742000.0,ST.INT.ARVL
SG,Singapore,2019,19116000.0,ST.INT.ARVL
SG,Singapore,2018,18508000.0,ST.INT.ARVL
SX,Sint Maarten (Dutch part),2024,,ST.INT.ARVL
SX,Sint Maarten (Dutch part),2023,,ST.INT.ARVL
SX,Sint Maarten (Dutch part),2022,,ST.INT.ARVL
SX,Sint Maarten (Dutch part),2021,,ST.INT.ARVL
SX,Sint Maarten (Dutch part),2020,,ST.INT.ARVL
SX,Sint Maarten (Dutch part),2019,1952000.0,ST.INT.ARVL
SX,Sint Maarten (Dutch part),2018,1775000.0,ST.INT.ARVL
SK,Slovak Republic,2024,,ST.INT.ARVL
SK,Slovak Republic,2023,,ST.INT.ARVL
SK,Slovak Republic,2022,,ST.INT.ARVL
SK,Slovak Republic,2021,,ST.INT.ARVL
SK,Slovak Republic,2020,,ST.INT.ARVL
SK,Slovak Republic,2019,,ST.INT.ARVL
SK,Slovak Republic,2018,15299000.0,ST.INT.ARVL
SI,Slovenia,2024,,ST.INT.ARVL
SI,Slovenia,2023,,ST.INT.ARVL
SI,Slovenia,2022,,ST.INT.ARVL
SI,Slovenia,2021,,ST.INT.ARVL
SI,Slovenia,2020,1216000.0,ST.INT.ARVL
SI,Slovenia,2019,4702000.0,ST.INT.ARVL
SI,Slovenia,2018,4425000.0,ST.INT.ARVL
SB,Solomon Islands,2024,,ST.INT.ARVL
SB,Solomon Islands,2023,,ST.INT.ARVL
SB,Solomon Islands,2022,,ST.INT.ARVL
SB,Solomon Islands,2021,,ST.INT.ARVL
SB,Solomon Islands,2020,4400.00009536743,ST.INT.ARVL
SB,Solomon Islands,2019,28899.9996185303,ST.INT.ARVL
SB,Solomon Islands,2018,27899.9996185303,ST.INT.ARVL
SO,"Somalia, Fed. Rep.",2024,,ST.INT.ARVL
SO,"Somalia, Fed. Rep.",2023,,ST.INT.ARVL
SO,"Somalia, Fed. Rep.",2022,,ST.INT.ARVL
SO,"Somalia, Fed. Rep.",2021,,ST.INT.ARVL
SO,"Somalia, Fed. Rep.",2020,,ST.INT.ARVL
SO,"Somalia, Fed. Rep.",2019,,ST.INT.ARVL
SO,"Somalia, Fed. Rep.",2018,,ST.INT.ARVL
ZA,South Africa,2024,,ST.INT.ARVL
ZA,South Africa,2023,,ST.INT.ARVL
ZA,South Africa,2022,,ST.INT.ARVL
ZA,South Africa,2021,,ST.INT.ARVL
ZA,South Africa,2020,3886600.09765625,ST.INT.ARVL
ZA,South Africa,2019,14797000.0,ST.INT.ARVL
ZA,South Africa,2018,15004000.0,ST.INT.ARVL
SS,South Sudan,2024,,ST.INT.ARVL
SS,South Sudan,2023,,ST.INT.ARVL
SS,South Sudan,2022,,ST.INT.ARVL
SS,South Sudan,2021,,ST.INT.ARVL
SS,South Sudan,2020,,ST.INT.ARVL
SS,South Sudan,2019,,ST.INT.ARVL
SS,South Sudan,2018,,ST.INT.ARVL
ES,Spain,2024,,ST.INT.ARVL
ES,Spain,2023,,ST.INT.ARVL
ES,Spain,2022,,ST.INT.ARVL
ES,Spain,2021,,ST.INT.ARVL
ES,Spain,2020,36410000.0,ST.INT.ARVL
ES,Spain,2019,126170000.0,ST.INT.ARVL
ES,Spain,2018,124456000.0,ST.INT.ARVL
LK,Sri Lanka,2024,,ST.INT.ARVL
LK,Sri Lanka,2023,,ST.INT.ARVL
LK,Sri Lanka,2022,,ST.INT.ARVL
LK,Sri Lanka,2021,,ST.INT.ARVL
LK,Sri Lanka,2020,540000.0,ST.INT.ARVL
LK,Sri Lanka,2019,2027000.0,ST.INT.ARVL
LK,Sri Lanka,2018,2521000.0,ST.INT.ARVL
KN,St. Kitts and Nevis,2024,,ST.INT.ARVL
KN,St. Kitts and Nevis,2023,,ST.INT.ARVL
KN,St. Kitts and Nevis,2022,,ST.INT.ARVL
KN,St. Kitts and Nevis,2021,,ST.INT.ARVL
KN,St. Kitts and Nevis,2020,301399.993896484,ST.INT.ARVL
KN,St. Kitts and Nevis,2019,1107000.0,ST.INT.ARVL
KN,St. Kitts and Nevis,2018,1278000.0,ST.INT.ARVL
LC,St. Lucia,2024,,ST.INT.ARVL
LC,St. Lucia,2023,,ST.INT.ARVL
LC,St. Lucia,2022,,ST.INT.ARVL
LC,St. Lucia,2021,,ST.INT.ARVL
LC,St. Lucia,2020,432500.0,ST.INT.ARVL
LC,St. Lucia,2019,1220000.0,ST.INT.ARVL
LC,St. Lucia,2018,1165000.0,ST.INT.ARVL
MF,St. Martin (French part),2024,,ST.INT.ARVL
MF,St. Martin (French part),2023,,ST.INT.ARVL
MF,St. Martin (French part),2022,,ST.INT.ARVL
MF,St. Martin (French part),2021,,ST.INT.ARVL
MF,St. Martin (French part),2020,,ST.INT.ARVL
MF,St. Martin (French part),2019,,ST.INT.ARVL
MF,St. Martin (French part),2018,,ST.INT.ARVL
VC,St. Vincent and the Grenadines,2024,,ST.INT.ARVL
VC,St. Vincent and the Grenadines,2023,,ST.INT.ARVL
VC,St. Vincent and the Grenadines,2022,,ST.INT.ARVL
VC,St. Vincent and the Grenadines,2021,,ST.INT.ARVL
VC,St. Vincent and the Grenadines,2020,,ST.INT.ARVL
VC,St. Vincent and the Grenadines,2019,392000.0,ST.INT.ARVL
VC,St. Vincent and the Grenadines,2018,356000.0,ST.INT.ARVL
SD,Sudan,2024,,ST.INT.ARVL
SD,Sudan,2023,,ST.INT.ARVL
SD,Sudan,2022,,ST.INT.ARVL
SD,Sudan,2021,,ST.INT.ARVL
SD,Sudan,2020,,ST.INT.ARVL
SD,Sudan,2019,,ST.INT.ARVL
SD,Sudan,2018,836000.0,ST.INT.ARVL
SR,Suriname,2024,,ST.INT.ARVL
SR,Suriname,2023,,ST.INT.ARVL
SR,Suriname,2022,,ST.INT.ARVL
SR,Suriname,2021,,ST.INT.ARVL
SR,Suriname,2020,,ST.INT.ARVL
SR,Suriname,2019,,ST.INT.ARVL
SR,Suriname,2018,,ST.INT.ARVL
SE,Sweden,2024,,ST.INT.ARVL
SE,Sweden,2023,,ST.INT.ARVL
SE,Sweden,2022,,ST.INT.ARVL
SE,Sweden,2021,,ST.INT.ARVL
SE,Sweden,2020,1957000.0,ST.INT.ARVL
SE,Sweden,2019,7616000.0,ST.INT.ARVL
SE,Sweden,2018,7440000.0,ST.INT.ARVL
CH,Switzerland,2024,,ST.INT.ARVL
CH,Switzerland,2023,,ST.INT.ARVL
CH,Switzerland,2022,,ST.INT.ARVL
CH,Switzerland,2021,,ST.INT.ARVL
CH,Switzerland,2020,,ST.INT.ARVL
CH,Switzerland,2019,11818000.0,ST.INT.ARVL
CH,Switzerland,2018,11715000.0,ST.INT.ARVL
SY,Syrian Arab Republic,2024,,ST.INT.ARVL
SY,Syrian Arab Republic,2023,,ST.INT.ARVL
SY,Syrian Arab Republic,2022,,ST.INT.ARVL
SY,Syrian Arab Republic,2021,,ST.INT.ARVL
SY,Syrian Arab Republic,2020,,ST.INT.ARVL
SY,Syrian Arab Republic,2019,2424000.0,ST.INT.ARVL
SY,Syrian Arab Republic,2018,1802000.0,ST.INT.ARVL
TJ,Tajikistan,2024,,ST.INT.ARVL
TJ,Tajikistan,2023,,ST.INT.ARVL
TJ,Tajikistan,2022,,ST.INT.ARVL
TJ,Tajikistan,2021,,ST.INT.ARVL
TJ,Tajikistan,2020,,ST.INT.ARVL
TJ,Tajikistan,2019,,ST.INT.ARVL
TJ,Tajikistan,2018,1035000.0,ST.INT.ARVL
TZ,Tanzania,2024,,ST.INT.ARVL
TZ,Tanzania,2023,,ST.INT.ARVL
TZ,Tanzania,2022,,ST.INT.ARVL
TZ,Tanzania,2021,,ST.INT.ARVL
TZ,Tanzania,2020,,ST.INT.ARVL
TZ,Tanzania,2019,1527000.0,ST.INT.ARVL
TZ,Tanzania,2018,1506000.0,ST.INT.ARVL
TH,Thailand,2024,,ST.INT.ARVL
TH,Thailand,2023,,ST.INT.ARVL
TH,Thailand,2022,,ST.INT.ARVL
TH,Thailand,2021,,ST.INT.ARVL
TH,Thailand,2020,,ST.INT.ARVL
TH,Thailand,2019,39916000.0,ST.INT.ARVL
TH,Thailand,2018,38178000.0,ST.INT.ARVL
TL,Timor-Leste,2024,,ST.INT.ARVL
TL,Timor-Leste,2023,,ST.INT.ARVL
TL,Timor-Leste,2022,,ST.INT.ARVL
TL,Timor-Leste,2021,,ST.INT.ARVL
TL,Timor-Leste,2020,,ST.INT.ARVL
TL,Timor-Leste,2019,74800.0030517578,ST.INT.ARVL
TL,Timor-Leste,2018,74599.9984741211,ST.INT.ARVL
TG,Togo,2024,,ST.INT.ARVL
TG,Togo,2023,,ST.INT.ARVL
TG,Togo,2022,,ST.INT.ARVL
TG,Togo,2021,,ST.INT.ARVL
TG,Togo,2020,482000.0,ST.INT.ARVL
TG,Togo,2019,876000.0,ST.INT.ARVL
TG,Togo,2018,573000.0,ST.INT.ARVL
TO,Tonga,2024,,ST.INT.ARVL
TO,Tonga,2023,,ST.INT.ARVL
TO,Tonga,2022,,ST.INT.ARVL
TO,Tonga,2021,,ST.INT.ARVL
TO,Tonga,2020,,ST.INT.ARVL
TO,Tonga,2019,94000.0,ST.INT.ARVL
TO,Tonga,2018,77300.0030517578,ST.INT.ARVL
TT,Trinidad and Tobago,2024,,ST.INT.ARVL
TT,Trinidad and Tobago,2023,,ST.INT.ARVL
TT,Trinidad and Tobago,2022,,ST.INT.ARVL
TT,Trinidad and Tobago,2021,,ST.INT.ARVL
TT,Trinidad and Tobago,2020,141000.0,ST.INT.ARVL
TT,Trinidad and Tobago,2019,480000.0,ST.INT.ARVL
TT,Trinidad and Tobago,2018,501000.0,ST.INT.ARVL
TN,Tunisia,2024,,ST.INT.ARVL
TN,Tunisia,2023,,ST.INT.ARVL
TN,Tunisia,2022,,ST.INT.ARVL
TN,Tunisia,2021,,ST.INT.ARVL
TN,Tunisia,2020,2012000.0,ST.INT.ARVL
TN,Tunisia,2019,9429000.0,ST.INT.ARVL
TN,Tunisia,2018,8299000.0,ST.INT.ARVL
TR,Turkiye,2024,,ST.INT.ARVL
TR,Turkiye,2023,,ST.INT.ARVL
TR,Turkiye,2022,,ST.INT.ARVL
TR,Turkiye,2021,,ST.INT.ARVL
TR,Turkiye,2020,15971000.0,ST.INT.ARVL
TR,Turkiye,2019,51747000.0,ST.INT.ARVL
TR,Turkiye,2018,46113000.0,ST.INT.ARVL
TM,Turkmenistan,2024,,ST.INT.ARVL
TM,Turkmenistan,2023,,ST.INT.ARVL
TM,Turkmenistan,2022,,ST.INT.ARVL
TM,Turkmenistan,2021,,ST.INT.ARVL
TM,Turkmenistan,2020,,ST.INT.ARVL
TM,Turkmenistan,2019,,ST.INT.ARVL
TM,Turkmenistan,2018,,ST.INT.ARVL
TC,Turks and Caicos Islands,2024,,ST.INT.ARVL
TC,Turks and Caicos Islands,2023,,ST.INT.ARVL
TC,Turks and Caicos Islands,2022,,ST.INT.ARVL
TC,Turks and Caicos Islands,2021,,ST.INT.ARVL
TC,Turks and Caicos Islands,2020,370399.993896484,ST.INT.ARVL
TC,Turks and Caicos Islands,2019,1599000.0,ST.INT.ARVL
TC,Turks and Caicos Islands,2018,1463000.0,ST.INT.ARVL
TV,Tuvalu,2024,,ST.INT.ARVL
TV,Tuvalu,2023,,ST.INT.ARVL
TV,Tuvalu,2022,,ST.INT.ARVL
TV,Tuvalu,2021,,ST.INT.ARVL
TV,Tuvalu,2020,,ST.INT.ARVL
TV,Tuvalu,2019,3599.99990463257,ST.INT.ARVL
TV,Tuvalu,2018,3200.00004768372,ST.INT.ARVL
UG,Uganda,2024,,ST.INT.ARVL
UG,Uganda,2023,,ST.INT.ARVL
UG,Uganda,2022,,ST.INT.ARVL
UG,Uganda,2021,,ST.INT.ARVL
UG,Uganda,2020,473000.0,ST.INT.ARVL
UG,Uganda,2019,1543000.0,ST.INT.ARVL
UG,Uganda,2018,1506000.0,ST.INT.ARVL
UA,Ukraine,2024,,ST.INT.ARVL
UA,Ukraine,2023,,ST.INT.ARVL
UA,Ukraine,2022,,ST.INT.ARVL
UA,Ukraine,2021,,ST.INT.ARVL
UA,Ukraine,2020,3382000.0,ST.INT.ARVL
UA,Ukraine,2019,13710000.0,ST.INT.ARVL
UA,Ukraine,2018,14342000.0,ST.INT.ARVL
AE,United Arab Emirates,2024,,ST.INT.ARVL
AE,United Arab Emirates,2023,,ST.INT.ARVL
AE,United Arab Emirates,2022,,ST.INT.ARVL
AE,United Arab Emirates,2021,,ST.INT.ARVL
AE,United Arab Emirates,2020,8084000.0,ST.INT.ARVL
AE,United Arab Emirates,2019,25282000.0,ST.INT.ARVL
AE,United Arab Emirates,2018,23092000.0,ST.INT.ARVL
GB,United Kingdom,2024,,ST.INT.ARVL
GB,United Kingdom,2023,,ST.INT.ARVL
GB,United Kingdom,2022,,ST.INT.ARVL
GB,United Kingdom,2021,,ST.INT.ARVL
GB,United Kingdom,2020,11101000.0,ST.INT.ARVL
GB,United Kingdom,2019,40857000.0,ST.INT.ARVL
GB,United Kingdom,2018,40283000.0,ST.INT.ARVL
US,United States,2024,,ST.INT.ARVL
US,United States,2023,,ST.INT.ARVL
US,United States,2022,,ST.INT.ARVL
US,United States,2021,,ST.INT.ARVL
US,United States,2020,45037000.0,ST.INT.ARVL
US,United States,2019,165478000.0,ST.INT.ARVL
US,United States,2018,169324921.875,ST.INT.ARVL
UY,Uruguay,2024,,ST.INT.ARVL
UY,Uruguay,2023,,ST.INT.ARVL
UY,Uruguay,2022,,ST.INT.ARVL
UY,Uruguay,2021,,ST.INT.ARVL
UY,Uruguay,2020,,ST.INT.ARVL
UY,Uruguay,2019,3480000.0,ST.INT.ARVL
UY,Uruguay,2018,3954000.0,ST.INT.ARVL
UZ,Uzbekistan,2024,,ST.INT.ARVL
UZ,Uzbekistan,2023,,ST.INT.ARVL
UZ,Uzbekistan,2022,,ST.INT.ARVL
UZ,Uzbekistan,2021,,ST.INT.ARVL
UZ,Uzbekistan,2020,,ST.INT.ARVL
UZ,Uzbekistan,2019,6749000.0,ST.INT.ARVL
UZ,Uzbekistan,2018,5346000.0,ST.INT.ARVL
VU,Vanuatu,2024,,ST.INT.ARVL
VU,Vanuatu,2023,,ST.INT.ARVL
VU,Vanuatu,2022,,ST.INT.ARVL
VU,Vanuatu,2021,,ST.INT.ARVL
VU,Vanuatu,2020,82400.0015258789,ST.INT.ARVL
VU,Vanuatu,2019,256000.0,ST.INT.ARVL
VU,Vanuatu,2018,350200.012207031,ST.INT.ARVL
VE,"Venezuela, RB",2024,,ST.INT.ARVL
VE,"Venezuela, RB",2023,,ST.INT.ARVL
VE,"Venezuela, RB",2022,,ST.INT.ARVL
VE,"Venezuela, RB",2021,,ST.INT.ARVL
VE,"Venezuela, RB",2020,,ST.INT.ARVL
VE,"Venezuela, RB",2019,,ST.INT.ARVL
VE,"Venezuela, RB",2018,,ST.INT.ARVL
VN,Viet Nam,2024,,ST.INT.ARVL
VN,Viet Nam,2023,,ST.INT.ARVL
VN,Viet Nam,2022,,ST.INT.ARVL
VN,Viet Nam,2021,,ST.INT.ARVL
VN,Viet Nam,2020,3837000.0,ST.INT.ARVL
VN,Viet Nam,2019,18009000.0,ST.INT.ARVL
VN,Viet Nam,2018,15498000.0,ST.INT.ARVL
VI,Virgin Islands (U.S.),2024,,ST.INT.ARVL
VI,Virgin Islands (U.S.),2023,,ST.INT.ARVL
VI,Virgin Islands (U.S.),2022,,ST.INT.ARVL
VI,Virgin Islands (U.S.),2021,,ST.INT.ARVL
VI,Virgin Islands (U.S.),2020,8612000.0,ST.INT.ARVL
VI,Virgin Islands (U.S.),2019,2074000.0,ST.INT.ARVL
VI,Virgin Islands (U.S.),2018,1922000.0,ST.INT.ARVL
PS,West Bank and Gaza,2024,,ST.INT.ARVL
PS,West Bank and Gaza,2023,,ST.INT.ARVL
PS,West Bank and Gaza,2022,,ST.INT.ARVL
PS,West Bank and Gaza,2021,,ST.INT.ARVL
PS,West Bank and Gaza,2020,93000.0,ST.INT.ARVL
PS,West Bank and Gaza,2019,688000.0,ST.INT.ARVL
PS,West Bank and Gaza,2018,606000.0,ST.INT.ARVL
YE,"Yemen, Rep.",2024,,ST.INT.ARVL
YE,"Yemen, Rep.",2023,,ST.INT.ARVL
YE,"Yemen, Rep.",2022,,ST.INT.ARVL
YE,"Yemen, Rep.",2021,,ST.INT.ARVL
YE,"Yemen, Rep.",2020,,ST.INT.ARVL
YE,"Yemen, Rep.",2019,,ST.INT.ARVL
YE,"Yemen, Rep.",2018,,ST.INT.ARVL
ZM,Zambia,2024,,ST.INT.ARVL
ZM,Zambia,2023,,ST.INT.ARVL
ZM,Zambia,2022,,ST.INT.ARVL
ZM,Zambia,2021,,ST.INT.ARVL
ZM,Zambia,2020,502000.0,ST.INT.ARVL
ZM,Zambia,2019,1266000.0,ST.INT.ARVL
ZM,Zambia,2018,1072000.0,ST.INT.ARVL
ZW,Zimbabwe,2024,,ST.INT.ARVL
ZW,Zimbabwe,2023,,ST.INT.ARVL
ZW,Zimbabwe,2022,,ST.INT.ARVL
ZW,Zimbabwe,2021,,ST.INT.ARVL
ZW,Zimbabwe,2020,639000.0,ST.INT.ARVL
ZW,Zimbabwe,2019,2294000.0,ST.INT.ARVL
ZW,Zimbabwe,2018,2580000.0,ST.INT.ARVL
